,career,zip_code,term,interest_rate,issue_time,record_time,history_time,total_accounts,balance_accounts,balance,level,installment,a_time_diff,b_time_diff,issue_time_yearmonth,issue_time_month,issue_time_day,issue_time_weekday,record_time_yearmonth,record_time_month,record_time_day,record_time_weekday,history_time_yearmonth,history_time_month,history_time_day,history_time_weekday,loan_to_limit_ratio,loan_to_installment_ratio,balance_utilization,balance_accounts_ratio,income_loan_ratio,income_installment_ratio,income_ratio,risk_ratio,total_debt,loan_rate_combo,limit_rate_combo,loan_interest_rate_product,loan_interest_rate_ratio,loan_installment_diff,loan_installment_ratio,loan_term_product,loan_balance_product,loan_balance_diff,loan_balance_ratio,loan_balance_limit_diff,interest_rate_installment_product,interest_rate_installment_ratio,interest_rate_term_product,interest_rate_term_diff,interest_rate_term_ratio,interest_rate_balance_product,interest_rate_balance_ratio,interest_rate_balance_limit_product,interest_rate_balance_limit_ratio,installment_term_product,installment_term_ratio,installment_balance_product,installment_balance_diff,installment_balance_ratio,installment_balance_limit_product,installment_balance_limit_diff,installment_balance_limit_ratio,term_balance_product,term_balance_ratio,term_balance_limit_ratio,balance_balance_limit_diff,title_loan_mean,title_loan_deviation,title_interest_rate_mean,title_interest_rate_deviation,title_interest_rate_deviation_std,title_installment_deviation,title_installment_deviation_std,title_term_deviation,title_balance_deviation,title_balance_deviation_std,title_balance_limit_deviation,title_balance_limit_deviation_std,career_loan_mean,career_loan_deviation,career_loan_deviation_std,career_interest_rate_mean,career_interest_rate_deviation,career_interest_rate_deviation_std,career_installment_deviation,career_installment_deviation_std,career_term_deviation,career_balance_deviation,career_balance_deviation_std,career_balance_limit_deviation,career_balance_limit_deviation_std,zip_province_loan_mean,zip_province_loan_deviation,zip_province_interest_rate_mean,zip_province_interest_rate_deviation,zip_province_interest_rate_deviation_std,zip_province_installment_mean,zip_province_installment_deviation,zip_province_installment_deviation_std,zip_province_term_mean,zip_province_term_deviation,zip_province_term_deviation_std,zip_province_balance_mean,zip_province_balance_deviation,zip_province_balance_deviation_std,zip_province_balance_limit_mean,zip_province_balance_limit_deviation,zip_province_balance_limit_deviation_std,risk_score,zip_province,amount_sum,amount_mean,amount_std,amount_count,amount_min,amount_max,direction_sum,direction_mean,income_outcome_ratio,residence_0,residence_1
29106,4.0,601802,12,20.15,1165622400,1107648000,1025654400,6.0,3.0,2409.11,B2,834.3567962333149,57974400,139968000,200612,12,9,5,200502,2,6,6,200207,7,3,2,2.367797947908445,10.773839442716765,0.6338095238095238,0.5,0.15452616375958225,1.6650250602755912,2.8839293710937097,0.026866666666666664,2176200.0,"(999.999, 9000.0]_(17.5, 31.3]","(2788.0, 16400.0]_(17.5, 31.3]",181350.0,425.53191489361706,8165.6432037666855,10.773839442716765,108000,21681990.0,6590.889999999999,3.734269390193808,5200.0,16812.289444101294,0.024121429418971423,241.79999999999998,8.149999999999999,1.5499999999999998,48543.5665,0.008360614245822804,76570.0,0.005301236516706129,10012.281554799778,64.1812920179473,2010057.3013736412,-1574.7532037666851,0.3461903382971378,3170555.8256865963,-2965.643203766685,0.21950981221607863,28909.32,0.004979025853591745,0.0031570639305445935,-1390.8899999999999,9112.063525452251,-112.06352545225127,17.910961821623893,2.2390381783761057,0.12500937697678058,-1.0299464459957335,-0.0012328977626487314,0.0,700.2392511569205,0.409767240518915,1170.5055216659657,0.4451446965606718,11274.377560668137,-2274.3775606681374,-0.20172976720262986,15.446722344784115,4.703277655215883,0.30448386073334427,193.88470793790884,0.30272155724057576,-13.607311692404664,-4600.561178695241,-0.6563162609792456,-12907.737891737892,-0.7725604731997184,9131.360533664289,-131.3605336642886,17.980154359292584,2.1698456407074147,0.12068003407245419,837.4353596003907,-3.0785633670758443,-0.0036761802947332914,12.0,0.0,0.0,1701.6239516754576,707.4860483245425,0.4157710918607696,2623.479793670493,1176.520206329507,0.44845788756140764,9,60,0.0,0.0,0.0,0.0,0.0,0.0,0.0,0.0,0.0,0,1
32446,3.0,231399,36,12.9,1117671308,1117671245,337911790,19.0,10.0,27882.0,B0,773.8535368255317,63,779759518,200506,6,2,3,200506,6,2,3,198009,9,16,1,0.6647206728129245,29.683028994392714,0.8058148608421722,0.5263157894736842,0.2920742576409721,8.670025599318707,35.98357454007207,0.020191304347826088,10681200.0,"(11000.0, 33050.0]_(11.45, 17.5]","(16400.0, 6780700.0]_(11.45, 17.5]",296700.0,1654.6762589928057,22226.146463174467,29.683028994392714,828000,641286000.0,-4882.0,0.8248753720905211,-11600.0,9982.71062504936,0.016648307566420262,464.40000000000003,-23.1,0.34864864864864864,359677.8,0.00046264749130294446,446340.0,0.0003728215947515968,27858.72732571914,20.9149604547441,21576584.313769475,-27108.146463174467,0.027753596701414186,26775332.374163397,-33826.14646317447,0.022365062767709942,1003752.0,0.0012911092780547287,0.0010404323574463167,-6718.0,14909.64738018376,8090.35261981624,12.281859945368762,0.6181400546312386,0.050329515023034156,320.7186823064957,0.7077775613772002,-5.4472311894710685,13115.572883039484,0.8882021885968012,2845.2886778305437,0.08960209554303565,11631.587651598677,11368.412348401323,0.9773740858874771,14.969253031973539,-2.0692530319735383,-0.13823355297380052,162.48294920871376,0.26576834492821794,8.315325248070561,20089.717522050716,2.5781557045577976,18233.383019911504,1.1140593711024154,14217.435515873016,8782.564484126984,12.754613095238096,0.14538690476190474,0.011398770286194302,436.8805745512807,336.972962274251,0.7713159657427099,41.095238095238095,-5.095238095238095,-0.12398609501738123,13973.134424603175,13908.865575396825,0.9954005416928368,31860.969515242377,2739.0304847576226,0.08596820895381928,7,23,83240.83,885.540744680851,2037.7708858061608,94.0,0.97,9412.36,88.0,0.9361702127659575,0.0,0,1
43658,4.0,601702,12,17.0,1134777600,1127865600,1036972800,4.0,2.0,1817.78,B1,912.0475207837671,6912000,97804800,200512,12,17,5,200509,9,28,2,200211,11,11,0,2.972651605231867,10.952332460654317,0.5403626634958383,0.5,0.1545065493450655,1.6923763164852264,1.9908930900328203,0.0204,2040000.0,"(9000.0, 11000.0]_(11.45, 17.5]","(2788.0, 16400.0]_(11.45, 17.5]",170000.0,555.5555555555555,9087.952479216234,10.952332460654317,120000,18177800.0,8182.22,5.498191095129703,6637.0,15504.80785332404,0.01861896518311234,204.0,5.0,1.3076923076923077,30902.26,0.009346924861720495,57171.0,0.005053507728894174,10944.570249405206,70.15750159875132,1657901.7423303162,-905.7324792162328,0.501461155710843,3067215.8123958088,-2450.952479216233,0.271119952670561,21813.36,0.006597829314155643,0.0035671819262782403,-1545.22,9112.063525452251,887.9364745477487,17.910961821623893,-0.9109618216238928,-0.05086057525532153,76.66077810445654,0.09176681193022616,0.0,108.90925115692039,0.06373170775534247,733.5055216659657,0.27895305645619456,11274.377560668137,-1274.3775606681374,-0.11303307466958876,15.446722344784115,1.5532776552158847,0.10055710334823095,271.5754324883611,0.4240238371841458,-13.607311692404664,-5191.891178695241,-0.7406754249008359,-13344.737891737892,-0.7987160187817508,9131.360533664289,868.6394663357114,17.980154359292584,-0.9801543592925839,-0.05451312261877308,837.4353596003907,74.61216118337643,0.08909602434148473,12.0,0.0,0.0,1701.6239516754576,116.15604832454233,0.06826187901867063,2623.479793670493,739.5202063295069,0.2818852304918458,8,60,0.0,0.0,0.0,0.0,0.0,0.0,0.0,0.0,0.0,0,1
44809,9.0,602306,12,30.5,1153785600,1140307200,1072828800,5.0,3.0,939.54,B1,879.5991218310146,13478400,80956800,200607,7,25,1,200602,2,19,6,200312,12,31,2,8.482563619227145,10.220314530051375,0.8855230914231856,0.6,0.013382957449172318,0.13679323203222102,1.0669327015071632,0.04066666666666666,3294000.0,"(999.999, 9000.0]_(17.5, 31.3]","(101.999, 2788.0]_(17.5, 31.3]",274500.0,285.7142857142857,8120.400878168985,10.220314530051375,108000,8455860.0,8060.46,9.56897101665001,7940.0,26827.773215845944,0.03463551035184077,366.0,18.5,2.3461538461538463,28655.969999999998,0.03242817955642503,32330.0,0.028746465598491987,10555.189461972175,67.66147091007805,826418.5589251114,-59.940878168985364,0.9352065003413088,932375.0691408755,-180.4008781689854,0.8290283900386566,11274.48,0.012758628022200014,0.011310084825636193,-120.46000000000004,9051.112288135593,-51.11228813559319,18.09610699152542,12.40389300847458,0.6854453841527043,49.06060633162599,0.0590708382766893,0.0,-635.7785566737289,-0.4035872960299342,-1387.2825741525426,-0.5668665273085344,10858.280381254965,-1858.2803812549646,-0.171139472919025,16.241163621922162,14.258836378077838,0.8779442600301989,182.91784335117472,0.2625559908116117,-10.150913423351867,-5270.27936457506,-0.8487009130475258,-12034.800079649542,-0.9190518378629291,9131.360533664289,-131.3605336642886,17.980154359292584,12.519845640707416,0.6963146917722013,837.4353596003907,42.16376223062389,0.05034867676323542,12.0,0.0,0.0,1701.6239516754576,-762.0839516754577,-0.4478568551677311,2623.479793670493,-1563.479793670493,-0.5959564839960284,8,60,0.0,0.0,0.0,0.0,0.0,0.0,0.0,0.0,0.0,0,1
34725,6.0,401852,36,9.45,1220315369,1220316719,1018917643,9.0,7.0,8347.0,A3,243.27282389406378,-1350,201397726,200809,9,2,1,200809,9,2,1,200204,4,16,1,0.24358193647639498,31.112752859057164,0.2675234768116406,0.7777777777777778,3.006578081831338,93.5552290905307,34.17080896244081,0.04476315789473684,2585520.0,"(999.999, 9000.0]_(5.249, 11.45]","(16400.0, 6780700.0]_(5.249, 11.45]",71820.0,727.2727272727274,7356.727176105936,31.112752859057164,273600,63437200.0,-747.0,0.9103977000479156,-23600.0,2298.9281857989026,0.03868625191027503,340.2,-26.55,0.2554054054054054,78879.15,0.0011320076665069477,294840.0,0.00030287490785551745,8757.821660186295,6.574941186326048,2030598.2610437504,-8103.727176105936,0.029141449915436483,7590112.10549479,-30956.727176105935,0.007796955991604878,300492.0,0.004312410158121706,0.0011538091727829236,-22853.0,13886.444585784704,-6286.444585784704,13.221839720146287,-3.7718397201462874,-0.2852734415165453,-180.42244587311427,-0.42583068244367467,-5.689934806805532,-5742.515503259659,-0.4075736672372523,-590.3071017274488,-0.018568776320357475,11267.917586460633,-3667.917586460633,-0.32551867355401587,15.966685062545988,-6.516685062545989,-0.40814264432587627,-428.7918963466758,-0.6380217312896275,11.788079470198674,1896.5037674760852,0.29400897219562155,17694.551419093255,1.3101787262445197,14798.312710911136,-7198.312710911136,12.576096737907761,-3.126096737907762,-0.2485744824532766,450.90146275856074,-207.62863886449696,-0.4604745293888603,41.37232845894263,-5.372328458942633,-0.12985318107667213,14944.149606299212,-6597.149606299212,-0.4414536644840869,32736.549375709423,-1536.5493757094227,-0.04693681542531618,4,40,30803.25,581.1933962264151,809.4389332526372,53.0,9.62,3758.05,47.0,0.8867924528301887,1.4884560297453557,0,1
47905,10.0,221375,36,9.1,1151799490,1151800506,761359856,18.0,6.0,24871.0,A3,525.4638571884029,-1016,390439634,200607,7,2,6,200607,7,2,6,199402,2,16,2,0.5631207126036654,31.3411828270962,0.848810620797925,0.3333333333333333,0.26840797527422583,8.412733257042975,47.24160958137634,0.01985454545454545,5405400.0,"(11000.0, 33050.0]_(5.249, 11.45]","(16400.0, 6780700.0]_(5.249, 11.45]",150150.0,1633.6633663366338,15974.536142811598,31.3411828270962,594000,410371500.0,-8371.0,0.6633965905435831,-12800.0,4781.7211004144665,0.017285137195550023,327.59999999999997,-26.9,0.24594594594594593,226326.09999999998,0.0003658732711482792,266630.0,0.0003105696051329306,18916.698858782504,14.201725869956835,13068811.59213277,-24345.536142811598,0.021126723109858594,15396091.015620206,-28774.536142811598,0.017933307982266916,895356.0,0.0014474107430041815,0.001228627009317088,-4429.0,14208.43621399177,2291.5637860082297,12.280197922790515,-3.1801979227905157,-0.2589695982740201,96.2635388031427,0.22428580473869614,-5.526161081716637,10805.749363119734,0.7682585715739862,-1983.234946871311,-0.06339609539229119,12135.82902683519,4364.17097316481,0.3596104529418299,15.252801818068614,-6.152801818068614,-0.4033883014712711,-125.21036056084631,-0.19243172258148195,9.100305086856359,16138.629168793974,1.8481383212816525,10888.084559740582,0.5913607736831521,14619.449901768174,1880.5500982318263,12.56630648330059,-3.46630648330059,-0.2758413132694939,445.3692541509338,80.09460303746914,0.1798386446549034,41.23379174852652,-5.233791748526521,-0.12692967409948538,15329.499017681728,9541.500982318272,0.6224274499324915,31180.11811023622,-1880.1181102362207,-0.06029862053726444,4,22,0.0,0.0,0.0,0.0,0.0,0.0,0.0,0.0,0.0,0,1
1285,10.0,602101,12,8.85,1190419200,1121126400,1077235200,8.0,4.0,2415.95,B2,786.4373942378035,69292800,113184000,200709,9,22,5,200507,7,12,1,200402,2,20,4,2.4650780608052587,11.429480065156811,0.6617228156669405,0.5,0.1371014331740918,1.5671722082674184,3.0681169292684,0.011799999999999998,955800.0,"(999.999, 9000.0]_(5.249, 11.45]","(2788.0, 16400.0]_(5.249, 11.45]",79650.0,913.7055837563452,8213.562605762196,11.429480065156811,108000,21743550.0,6584.05,3.723701359150996,5350.0,6959.97093900456,0.011238988730737531,106.19999999999999,-3.1500000000000004,0.6807692307692308,21381.157499999998,0.003661639669831813,32302.5,0.0024239934264585045,9437.248730853642,60.49518417213873,1899993.4226088212,-1629.5126057621965,0.3253842215344974,2870496.4889679826,-2863.5626057621967,0.21540328519249616,28991.399999999998,0.004964935145534662,0.003286770747740345,-1234.0500000000002,9112.063525452251,-112.06352545225127,17.910961821623893,-9.060961821623893,-0.5058891818240939,-48.94934844150714,-0.05859483511135618,0.0,707.0792511569202,0.4137698837876528,1020.5055216659657,0.388099511170119,12135.82902683519,-3135.8290268351902,-0.2583942983953655,15.252801818068614,-6.402801818068614,-0.41977873274953287,135.76317648855422,0.20865000146797483,-14.899694913143641,-6316.420831206026,-0.7233340124120298,-14761.915440259418,-0.8017588114695049,9131.360533664289,-131.3605336642886,17.980154359292584,-9.130154359292584,-0.5077906550103612,837.4353596003907,-50.99796536258725,-0.060897793218240244,12.0,0.0,0.0,1701.6239516754576,714.3260483245422,0.41979078140102605,2623.479793670493,1026.520206329507,0.3912819183155626,9,60,0.0,0.0,0.0,0.0,0.0,0.0,0.0,0.0,0.0,0,1
28480,3.0,602507,12,28.9,1190332800,1113350400,1033776000,1.0,1.0,770.15,A5,775.5747800921063,76982400,156556800,200709,9,21,4,200504,4,13,2,200210,10,5,5,5.344021376085505,10.301647961128937,0.5144622578490314,1.0,0.0907199100112486,0.93468139657318,0.9917267721579315,0.04334999999999999,2774400.0,"(999.999, 9000.0]_(17.5, 31.3]","(101.999, 2788.0]_(17.5, 31.3]",231200.0,267.55852842809367,7224.425219907894,10.301647961128937,96000,6161200.0,7229.85,10.374116579135059,6504.0,22414.11114466187,0.037214703259578284,346.79999999999995,16.9,2.223076923076923,22257.335,0.0374764961421254,43234.4,0.019305277221108884,9306.897361105275,59.65959846862356,597308.9168879356,5.424780092106289,1.0057378980640683,1160259.8710177909,-720.4252199078937,0.5180860254456288,9241.8,0.015561174868702588,0.008016032064128256,-725.85,9112.063525452251,-1112.0635254522513,17.910961821623893,10.989038178376106,0.6135370220659533,-59.811962587204334,-0.07159793127117536,0.0,-938.7207488430796,-0.5493222641200932,-1133.4944783340343,-0.43106935103821975,11631.587651598677,-3631.5876515986765,-0.3122177092565297,14.969253031973539,13.93074696802646,0.9306240557408654,164.20419247528832,0.2685837294125847,-15.684674751929439,-7022.132477949283,-0.9011650306339148,-14870.616980088496,-0.9085944271916412,9131.360533664289,-1131.3605336642886,17.980154359292584,10.919845640707415,0.6073276915480857,837.4353596003907,-61.860579508284445,-0.07386907992254257,12.0,0.0,0.0,1701.6239516754576,-931.4739516754577,-0.5474029386800222,2623.479793670493,-1127.479793670493,-0.42976500005477214,6,60,0.0,0.0,0.0,0.0,0.0,0.0,0.0,0.0,0.0,0,1
32205,6.0,191316,36,11.55,1204418723,1204418187,558835740,17.0,8.0,14972.0,A4,237.59849639047482,536,645582983,200803,3,2,6,200803,3,2,6,198709,9,17,3,0.3809322258081583,30.17621698762488,0.7921274006666313,0.47058823529411764,0.5454797944729899,16.462802823248683,62.74976676926663,0.05775,2993760.0,"(999.999, 9000.0]_(11.45, 17.5]","(16400.0, 6780700.0]_(11.45, 17.5]",83160.0,573.7051792828685,6962.401503609525,30.17621698762488,259200,107798400.0,-7772.0,0.48086555800440794,-11700.0,2744.2626333099843,0.04840768141764825,415.8,-24.45,0.3121621621621622,172926.6,0.0007713884992987378,218295.0,0.0006110787789005873,8553.545870057094,6.421580983526346,3557324.687958189,-14734.401503609524,0.015868462992751943,4490611.5817799745,-18662.401503609526,0.012570683899818783,538992.0,0.0024043277900220395,0.0019046611290407915,-3928.0,14909.64738018376,-7709.64738018376,12.281859945368762,-0.7318599453687611,-0.0595886900375159,-215.5363581285612,-0.4756561010018412,-5.4472311894710685,205.5728830394837,0.013921640042726755,-12854.711322169456,-0.40481272815712793,11267.917586460633,-4067.917586460633,-0.3610176907353834,15.966685062545988,-4.416685062545987,-0.2766187875094042,-434.4662238502648,-0.6464648578705859,11.788079470198674,8521.503767476086,1.3210617385543126,5394.551419093255,0.39943518993658406,15004.768786127168,-7804.768786127168,12.826878612716763,-1.2768786127167626,-0.09954710349023227,452.0104656674547,-214.41196927697987,-0.4743517806835989,42.346820809248555,-6.346820809248555,-0.1498771498771499,15687.966763005781,-715.9667630057811,-0.04563795766664433,31135.89001447178,-12235.89001447178,-0.39298346727151884,5,19,85713.84,1558.4334545454544,3224.121329532319,55.0,2.36,11421.88,49.0,0.8909090909090909,1.0261458016011613,0,0
48164,10.0,101032,60,13.75,1165017780,1240188171,776997471,26.0,12.0,7273.0,B2,255.68423559894924,-75170391,388020309,200612,12,2,5,200904,4,20,0,199408,8,16,1,0.7516495476498197,43.049001331210825,0.4947282497789266,0.46153846153846156,0.6720658763912768,28.934383066688035,28.334424134108264,0.0746606334841629,9116250.0,"(11000.0, 33050.0]_(11.45, 17.5]","(2788.0, 16400.0]_(11.45, 17.5]",151937.5,749.1525423728814,10794.315764401052,43.049001331210825,663000,80366650.0,3777.0,1.5191091558977179,-3650.0,3515.6582394855523,0.053567761837479536,825.0,-46.25,0.22540983606557377,100003.75,0.0018902941985152598,202125.0,0.0009353105230936671,15341.054135936954,4.191544845884414,1859591.4455111579,-7017.315764401051,0.03515043106941837,3758558.263304554,-14444.315764401052,0.017392302265080557,436380.0,0.008248556502612043,0.004081355009863274,-7427.0,14137.877614252517,-3087.8776142525167,12.546214175058095,1.203785824941905,0.09594813289056026,-172.68904778161223,-0.40312749296318146,18.446165762974438,-6462.921378776142,-0.47051240324964516,-14819.75476839237,-0.5020283835237106,12135.82902683519,-1085.8290268351902,-0.08947299969653208,15.252801818068614,-1.5028018180686136,-0.09852627969560192,-394.98998215029997,-0.6070472309731466,33.10030508685636,-1459.3708312060262,-0.16712194882869774,-3711.9154402594177,-0.20160398043882816,13709.09090909091,-2659.09090909091,12.70612648221344,1.04387351778656,0.082155133529311,411.5509567939277,-155.86672119497845,-0.37873006640347634,42.22924901185771,17.77075098814229,0.42081617371770863,13775.388669301712,-6502.388669301712,-0.4720294160405221,28052.17965653897,-13352.17965653897,-0.47597654870382144,9,10,55655.43,704.4991139240507,1186.395854049404,79.0,1.95,5000.42,74.0,0.9367088607594937,0.0,0,1
42137,10.0,602009,12,25.0,1164067200,1115251200,1046908800,2.0,1.0,740.37,A0,760.3536261112762,48816000,117158400,200611,11,21,1,200505,5,5,3,200303,3,6,3,9.248554913294798,10.507600838339942,0.8559190751445087,0.5,0.015451818522684664,0.16238183645549586,0.9724390540852178,0.0375,2400000.0,"(999.999, 9000.0]_(17.5, 31.3]","(101.999, 2788.0]_(17.5, 31.3]",200000.0,307.6923076923077,7239.646373888724,10.507600838339942,96000,5922960.0,7259.63,10.790833187207467,7136.0,19008.840652781906,0.032836252619812316,300.0,13.0,1.9230769230769231,18509.25,0.033721353710023334,21600.0,0.028901734104046242,9124.243513335314,58.488740470098165,562943.0141640055,19.98362611127618,1.0256061428318872,656945.5329601426,-103.64637388872382,0.8790215330766199,8884.44,0.0161862497808112,0.013872832369942197,-123.63,9112.063525452251,-1112.0635254522513,17.910961821623893,7.089038178376107,0.3957932716833507,-75.03311656803442,-0.08981841910416602,0.0,-968.5007488430796,-0.5667489770649787,-1765.4944783340343,-0.6714197321504157,12135.82902683519,-4135.82902683519,-0.34079493190699156,15.252801818068614,9.747198181931386,0.6390431278261783,109.67940836202695,0.16856270829574221,-14.899694913143641,-7992.000831206026,-0.9152154650425276,-17547.915440259418,-0.9530738666053842,9131.360533664289,-1131.3605336642886,17.980154359292584,7.019845640707416,0.3904218785018043,837.4353596003907,-77.08173348911453,-0.09204499500223702,12.0,0.0,0.0,1701.6239516754576,-961.2539516754576,-0.5649038677017828,2623.479793670493,-1759.479793670493,-0.6706664171439326,1,60,0.0,0.0,0.0,0.0,0.0,0.0,0.0,0.0,0.0,0,1
39961,1.0,311662,36,14.8,1049328766,1070065846,632449948,18.0,10.0,10051.0,B1,381.9705191511034,-20737080,416878818,200304,4,3,3,200311,11,29,5,199001,1,16,1,0.806510473688052,28.853395881472938,0.7335960878767973,0.5555555555555556,0.33019636232015204,9.528148558506311,26.244840000423935,0.048217194570135756,5887440.0,"(11000.0, 33050.0]_(11.45, 17.5]","(2788.0, 16400.0]_(11.45, 17.5]",163540.0,699.367088607595,10668.029480848896,28.853395881472938,397800,111063550.0,999.0,1.099283724631914,-2650.0,5653.163683436331,0.03864527231183706,532.8000000000001,-21.2,0.4,148754.80000000002,0.0014723438121766812,202760.0,0.0010802131231296987,13750.938689439723,10.323527544624417,3839185.6879877406,-9669.029480848896,0.03799945475040822,5232996.112370117,-13318.029480848896,0.027879024826735523,361836.0,0.003581376840429765,0.0026275454346398074,-3649.0,13886.444585784704,-2836.444585784704,13.221839720146287,1.578160279853714,0.1193601127571567,-41.72475061607463,-0.09847820731867626,-5.689934806805532,-4038.5155032596595,-0.2866326739429283,-18090.30710172745,-0.5690510331919518,11116.625039025914,-66.6250390259138,-0.005993279326416119,15.393974399000937,-0.5939743990009365,-0.038584863376119764,-244.12563302070896,-0.3899171591677765,9.958164221042772,2856.8083827661567,0.3970992899219712,-1205.8474046278916,-0.08089760829387709,13298.532863849765,-2248.532863849765,12.68855633802817,2.1114436619718315,0.16640535027958545,407.07614330225897,-25.105624151155553,-0.06167304216723485,41.070422535211264,-5.070422535211264,-0.12345679012345673,12937.718896713615,-2886.7188967136153,-0.2231242555012451,28714.537963507944,-15014.537963507944,-0.5228897634567293,8,31,74888.77,1025.8735616438357,2327.6093724620655,73.0,5.81,9371.67,67.0,0.9178082191780822,1.3498283564052567,0,1
42583,0.0,602410,12,12.5,1183939200,1121212800,1056758400,1.0,1.0,691.87,B2,623.5800389741979,62726400,127180800,200707,7,9,0,200507,7,13,2,200306,6,28,5,5.23168908819133,11.207530761784684,0.5170926756352765,1.0,0.09214826453363806,1.0329020457643077,1.107736329736567,0.02142857142857143,1050000.0,"(999.999, 9000.0]_(11.45, 17.5]","(101.999, 2788.0]_(11.45, 17.5]",87500.0,518.5185185185185,6376.419961025802,11.207530761784684,84000,4843090.0,6308.13,10.10290530691183,5663.0,7794.750487177474,0.020013447788901222,150.0,0.5,0.9615384615384616,8648.375,0.018040902333771126,16712.5,0.009342301943198805,7482.960467690375,47.96769530570753,431436.32156507834,-68.28996102580209,0.8999957264338158,833726.5121085026,-713.4199610258021,0.4660538407878908,8302.44,0.01731926624042028,0.008968609865470852,-645.13,9112.063525452251,-2112.0635254522513,17.910961821623893,-5.410961821623893,-0.30210336415832467,-211.80670370511268,-0.25354329065097614,0.0,-1017.0007488430796,-0.5951302926400946,-1292.4944783340343,-0.49153724755220574,11629.972183588317,-4629.972183588317,-0.3981069009023015,15.004061196105702,-2.5040611961057024,-0.166892227602726,16.109005808236702,0.026518146427956045,-15.888734353268429,-7222.726954102921,-0.9125830406763373,-15078.314349525404,-0.9185516663566875,9131.360533664289,-2131.3605336642886,17.980154359292584,-5.480154359292584,-0.30478906074909784,837.4353596003907,-213.8553206261928,-0.2553693466302172,12.0,0.0,0.0,1701.6239516754576,-1009.7539516754576,-0.5934060523074037,2623.479793670493,-1286.479793670493,-0.4903715274553679,9,60,6416.029347218224,1069.3382245363707,652.3672844901254,6.0,304.7742035257256,1640.224631336861,3.0,0.5,1.382833477861716,0,1
3077,2.0,603008,12,7.0,1153353600,1161734400,1008806400,1.0,1.0,894.67,A4,778.7407148832403,-8380800,144547200,200607,7,20,3,200610,10,25,2,200112,12,20,3,6.987577639751553,11.542298392546648,0.6946195652173913,1.0,0.043587379180091104,0.5031544364830919,1.147394233651079,0.009333333333333334,756000.0,"(999.999, 9000.0]_(5.249, 11.45]","(101.999, 2788.0]_(5.249, 11.45]",63000.0,1125.0,8221.25928511676,11.542298392546648,108000,8052030.0,8105.33,10.048343698013777,7713.0,5451.185004182682,0.00897734319420295,84.0,-5.0,0.5384615384615384,6262.69,0.007815378431788493,9009.0,0.005434782608695652,9344.888578598884,59.90313191409541,696715.9553845886,-115.92928511675962,0.8694504838648613,1002239.3000547303,-508.25928511675966,0.6046123562758077,10736.039999999999,0.013397791597351704,0.009316770186335404,-392.33000000000004,9112.063525452251,-112.06352545225127,17.910961821623893,-10.910961821623893,-0.6091778839286618,-56.64602779607026,-0.0678081478937422,0.0,-814.2007488430796,-0.4764554308125999,-1342.4944783340343,-0.5105523093490567,11673.722531109346,-2673.722531109346,-0.22903769761394732,14.786364839819962,-7.786364839819962,-0.5265908777559128,179.62499280305747,0.2998168570495589,-16.36219221604448,-7083.87598623246,-0.887865533200684,-15838.623107569721,-0.9248494497446267,9131.360533664289,-131.3605336642886,17.980154359292584,-10.980154359292584,-0.6106818740194948,837.4353596003907,-58.69464471715037,-0.07008856748675911,12.0,0.0,0.0,1701.6239516754576,-806.9539516754577,-0.47422578348225086,2623.479793670493,-1336.479793670493,-0.5094301838706495,5,60,0.0,0.0,0.0,0.0,0.0,0.0,0.0,0.0,0.0,0,1
3402,0.0,601900,12,18.15,1182124800,1158624000,1064016000,10.0,4.0,1786.44,A3,734.0111603583404,23500800,118108800,200706,6,18,0,200609,9,19,1,200309,9,20,5,2.9618659755646055,10.884188474226372,0.6613994816734543,0.4,0.11418072740907385,1.2429199028142806,2.43049370723712,0.027225,1742400.0,"(999.999, 9000.0]_(17.5, 31.3]","(101.999, 2788.0]_(17.5, 31.3]",145200.0,417.75456919060053,7265.98883964166,10.884188474226372,96000,14291520.0,6213.5599999999995,4.475674707962225,5300.0,13322.302560503877,0.02469350260090108,217.79999999999998,6.149999999999999,1.396153846153846,32423.886,0.010154186993689298,49004.99999999999,0.006719733432062199,8808.133924300084,56.46239695064157,1311266.8973105536,-1052.4288396416596,0.4106493982222286,1981830.1329675189,-1965.9888396416595,0.271755335193758,21437.28,0.006713512061943338,0.004442798963346909,-913.56,9112.063525452251,-1112.0635254522513,17.910961821623893,0.23903817837610575,0.01334591524211252,-101.37558232097024,-0.12135167718347002,0.0,77.56925115692047,0.04539211125793775,70.50552166596572,0.026813337029951024,11629.972183588317,-3629.9721835883174,-0.31212217245977314,15.004061196105702,3.145938803894296,0.20967248552084172,126.54012719237915,0.2083064381405794,-15.888734353268429,-6128.15695410292,-0.7742854108226053,-13715.314349525404,-0.8355194458960781,9131.360533664289,-1131.3605336642886,17.980154359292584,0.1698456407074147,0.009446283792309842,837.4353596003907,-103.42419924205035,-0.12350111331745359,12.0,0.0,0.0,1701.6239516754576,84.81604832454241,0.04984417869825504,2623.479793670493,76.52020632950689,0.029167446425210686,4,60,0.0,0.0,0.0,0.0,0.0,0.0,0.0,0.0,0.0,0,1
38043,4.0,602801,12,13.0,1185753600,1113350400,1071878400,4.0,2.0,784.12,A3,714.5382056939965,72403200,113875200,200707,7,30,0,200504,4,13,2,200312,12,20,5,5.7430007178750895,11.18039531130395,0.5629002153625269,0.5,0.07597550306211724,0.8495423377294307,1.0958464464374567,0.0195,1248000.0,"(999.999, 9000.0]_(11.45, 17.5]","(101.999, 2788.0]_(11.45, 17.5]",104000.0,571.4285714285714,7285.461794306004,11.18039531130395,96000,6272960.0,7215.88,10.189525168127165,6608.0,9288.996674021953,0.01816814238086892,156.0,1.0,1.0,10193.56,0.016557978398206642,18096.0,0.00933237616654702,8574.458468327957,54.96447736107665,560283.6978487765,-69.58179430600353,0.9101006288134253,994637.1823260431,-677.4617943060035,0.512949178531225,9409.44,0.015284287752190748,0.008614501076812634,-607.88,9112.063525452251,-1112.0635254522513,17.910961821623893,-4.910961821623893,-0.27418749872465764,-120.84853698531413,-0.14466178454989634,0.0,-924.7507488430796,-0.541147274870931,-1237.4944783340343,-0.4706206795756697,11274.377560668137,-3274.3775606681374,-0.290426459735671,15.446722344784115,-2.4467223447841153,-0.15839750920429396,74.06611739859045,0.11564300576425558,-13.607311692404664,-6225.551178695241,-0.8881374061620457,-15315.737891737892,-0.9166853101826337,9131.360533664289,-1131.3605336642886,17.980154359292584,-4.980154359292584,-0.27698062317906175,837.4353596003907,-122.89715390639424,-0.1467541972016068,12.0,0.0,0.0,1701.6239516754576,-917.5039516754576,-0.5391931341657846,2623.479793670493,-1231.479793670493,-0.46940700539855806,4,60,0.0,0.0,0.0,0.0,0.0,0.0,0.0,0.0,0.0,0,0
12480,10.0,602109,12,8.5,1150934400,1144972800,1058227200,23.0,9.0,5631.74,C1,959.4176070610205,5961600,92707200,200606,6,22,3,200604,4,14,4,200307,7,15,1,1.663641863278887,11.453351041388302,0.8517453115547489,0.391304347826087,0.0890155440414508,1.0196189582536284,5.863845017620741,0.009272727272727273,1122000.0,"(9000.0, 11000.0]_(5.249, 11.45]","(2788.0, 16400.0]_(5.249, 11.45]",93500.0,1157.8947368421052,10040.582392938979,11.453351041388302,132000,61949140.0,5368.26,1.9528684086252872,4389.0,8155.049660018674,0.008850316713800052,102.0,-3.5,0.6538461538461539,47869.79,0.0015090346793922675,56193.5,0.0012855414398064125,11513.011284732245,73.80135438930927,5403190.514389832,-4672.32239293898,0.1703287577734851,6342709.800280406,-5651.58239293898,0.1451024814066879,67580.88,0.002130401900318495,0.0018148820326678765,-979.2600000000002,9112.063525452251,1887.9364745477487,17.910961821623893,-9.410961821623893,-0.5254302876276608,124.03086438170988,0.14847119070133846,0.0,3922.86925115692,2.2955915500412987,3981.5055216659657,1.5141714707796319,12135.82902683519,-1135.8290268351902,-0.09359303137211339,15.252801818068614,-6.752801818068614,-0.44272533653909935,308.74338931177124,0.47449765318771536,-14.899694913143641,-3100.6308312060264,-0.3550731973183735,-11800.915440259418,-0.6409390418150404,9131.360533664289,1868.6394663357114,17.980154359292584,-9.480154359292584,-0.5272565613093866,837.4353596003907,121.98224746062976,0.14566168727200332,12.0,0.0,0.0,1701.6239516754576,3930.116048324542,2.309626662491945,2623.479793670493,3987.520206329507,1.5199355512285437,14,60,0.0,0.0,0.0,0.0,0.0,0.0,0.0,0.0,0.0,0,1
22312,5.0,601201,12,9.9,1153440000,1106870400,1022976000,2.0,1.0,854.13,A4,790.8244642289656,46569600,130464000,200607,7,21,4,200501,1,28,4,200206,6,2,6,8.057296329453894,11.36615551372702,0.7646642793196061,0.5,0.029093434062881902,0.3307172382644105,1.0786860454377398,0.013200000000000002,1069200.0,"(999.999, 9000.0]_(5.249, 11.45]","(101.999, 2788.0]_(5.249, 11.45]",89100.0,825.6880733944954,8209.175535771035,11.36615551372702,108000,7687170.0,8145.87,10.524715540327202,7884.0,7829.162195866759,0.012502771065099722,118.80000000000001,-2.0999999999999996,0.7615384615384616,8455.887,0.011577187094359922,11048.4,0.008863025962399284,9489.893570747587,60.83265109453581,675466.8996318864,-63.30553577103444,0.9248002809268363,882560.1020795256,-325.17553577103445,0.7079896725415985,10249.56,0.014032954053769602,0.010743061772605193,-261.87,9112.063525452251,-112.06352545225127,17.910961821623893,-8.010961821623892,-0.4472658644133931,-44.56227845034505,-0.0533432914046754,0.0,-854.7407488430796,-0.5001786995428101,-1513.4944783340343,-0.5755838206942869,11480.70953436807,-2480.7095343680703,-0.2160763258526787,15.355812480202726,-5.4558124802027255,-0.3552929867590242,151.18954072510724,0.2363684895391664,-14.284447260057018,-6621.062210959772,-0.8857380551703118,-15210.563532401526,-0.9316451378279821,9131.360533664289,-131.3605336642886,17.980154359292584,-8.080154359292584,-0.44939293611328546,837.4353596003907,-46.61089537142516,-0.05565909635540951,12.0,0.0,0.0,1701.6239516754576,-847.4939516754577,-0.49805008376909354,2623.479793670493,-1507.479793670493,-0.5746107888109129,5,60,0.0,0.0,0.0,0.0,0.0,0.0,0.0,0.0,0.0,1,0
44588,1.0,601804,12,17.9,1131667200,1140825600,1041379200,7.0,3.0,2384.43,A3,824.6916745761357,-9158400,90288000,200511,11,11,4,200602,2,25,5,200301,1,1,2,2.434406275358399,10.899952460608375,0.6449634839058696,0.42857142857142855,0.1457138095767137,1.5884500720844588,2.887797071738714,0.023866666666666665,1933200.0,"(999.999, 9000.0]_(17.5, 31.3]","(2788.0, 16400.0]_(17.5, 31.3]",161100.0,476.1904761904762,8175.3083254238645,10.899952460608375,108000,21459870.0,6615.57,3.7729046754673163,5304.0,14761.980974912827,0.021678794338321098,214.79999999999998,5.899999999999999,1.376923076923077,42681.29699999999,0.007503888187873884,66158.4,0.004841763592101703,9896.30009491363,63.43782112124121,1966419.5696095752,-1559.7383254238641,0.3457203416474748,3048060.4292333974,-2871.3083254238645,0.22307050975821902,28613.159999999996,0.005030539567289756,0.0032458750338111983,-1311.5700000000002,9112.063525452251,-112.06352545225127,17.910961821623893,-0.010961821623894252,-0.0006120174747209863,-10.69506810317489,-0.012802535109514573,0.0,675.5592511569203,0.39532495457264966,1066.5055216659657,0.4055933680232218,11116.625039025914,-2116.625039025914,-0.19040176596721675,15.393974399000937,2.5060256009990614,0.16279263145726042,198.59552240432333,0.31719652279515215,-14.041835778957228,-4809.761617233844,-0.6685617888897976,-11209.847404627892,-0.7520436175368007,9131.360533664289,-131.3605336642886,17.980154359292584,-0.0801543592925853,-0.0044579349927082,837.4353596003907,-12.743685024255,-0.015217514854323873,12.0,0.0,0.0,1701.6239516754576,682.8060483245422,0.4012672997769195,2623.479793670493,1072.520206329507,0.4088158822176217,4,60,11337.740035865387,171.78393993735435,118.12055527668612,66.0,37.13347144628458,532.1226458252577,66.0,1.0,0.0,0,1
26449,6.0,101026,36,9.9,1143938776,1143936474,419388738,22.0,13.0,29564.0,A4,494.58096253397537,2302,724550038,200604,4,2,6,200604,4,2,6,198304,4,17,6,0.2402153330933788,30.97374830847675,0.46265316661711087,0.5909090909090909,2.2367272490391503,69.28434019021874,59.655237458749625,0.02321824104234528,5470740.0,"(11000.0, 33050.0]_(5.249, 11.45]","(16400.0, 6780700.0]_(5.249, 11.45]",151965.0,1408.2568807339449,14855.419037466025,30.97374830847675,552600,453807400.0,-14214.0,0.5191949940808388,-48550.0,4896.351529086356,0.019976554283642988,356.40000000000003,-26.1,0.26756756756756755,292683.60000000003,0.00033485540334855405,632610.0,0.00015492715293970362,17804.914651223113,13.367053041458794,14621791.576354448,-29069.419037466025,0.016728596737154586,31603723.505921025,-63405.419037466025,0.007739800042784547,1064304.0,0.0012176560121765602,0.0005633714652352859,-34336.0,14909.64738018376,440.3526198162399,12.281859945368762,-2.3818599453687614,-0.19393316288929935,41.44610801493934,0.09146528368233967,-5.4472311894710685,14797.572883039484,1.0021092283077193,32145.288677830544,1.0122998238497103,11267.917586460633,4082.082413539367,0.3622747843349811,15.966685062545988,-6.066685062545988,-0.3799589607223465,-177.4837577067642,-0.26408730046592527,11.788079470198674,23113.503767476086,3.583213280698617,50394.55141909326,3.7314237374046417,13709.09090909091,1640.90909090909,12.70612648221344,-2.8061264822134397,-0.22084830385889606,411.5509567939277,83.03000574004767,0.2017490285695595,42.22924901185771,-6.229249011857711,-0.14751029576937483,13775.388669301712,15788.611330698288,1.1461463418366566,28052.17965653897,35847.82034346103,1.2778978597160415,5,10,79785.5,1063.8066666666666,2250.5117813476745,75.0,2.73,9222.27,69.0,0.92,0.9124315491502288,1,0
22477,0.0,601602,12,25.65,1158364800,1130544000,1095379200,4.0,2.0,1533.54,A4,762.8792835934436,27820800,62985600,200609,9,16,5,200510,10,29,5,200409,9,17,4,2.4992189940643548,10.47285896060222,0.4790815370196813,0.5,0.20828146481689788,2.181575067935647,2.0075685163052412,0.038474999999999995,2462400.0,"(999.999, 9000.0]_(17.5, 31.3]","(2788.0, 16400.0]_(17.5, 31.3]",205200.0,300.187617260788,7237.120716406556,10.47285896060222,96000,12268320.0,6466.46,5.213288672827036,4800.0,19567.85362417183,0.03357860404243087,307.79999999999995,13.649999999999999,1.973076923076923,39335.301,0.016715106807251683,82080.0,0.008013120899718838,9154.551403121322,58.68302181488028,1169905.8965618894,-770.6607164065564,0.49713874098651295,2441213.7074990193,-2437.1207164065563,0.23832529946686773,18402.48,0.007819933009240554,0.0037488284910965324,-1666.46,9112.063525452251,-1112.0635254522513,17.910961821623893,7.739038178376106,0.4320838967471177,-72.50745908586703,-0.08679507990911617,0.0,-175.33074884307962,-0.10260035696776955,570.5055216659657,0.21696395499846047,11629.972183588317,-3629.9721835883174,-0.31212217245977314,15.004061196105702,10.645938803894296,0.7095371489592062,155.40825042748236,0.25582824849695307,-15.888734353268429,-6381.056954102921,-0.8062390278503047,-13215.314349525404,-0.8050600840249814,9131.360533664289,-1131.3605336642886,17.980154359292584,7.669845640707415,0.4265728473428511,837.4353596003907,-74.55607600694714,-0.08902905179753094,12.0,0.0,0.0,1701.6239516754576,-168.08395167545768,-0.09877855298754958,2623.479793670493,576.5202063295069,0.2197540105780275,5,60,0.0,0.0,0.0,0.0,0.0,0.0,0.0,0.0,0.0,0,1
43374,10.0,181227,36,6.7,1146530965,1146528466,440469495,33.0,16.0,31337.0,A1,537.9520494920117,2499,706061470,200605,5,2,1,200605,5,2,1,198312,12,17,5,0.2747209619943172,32.47042110053129,0.49193890205805246,0.48484848484848486,1.849208616650477,60.048013604371086,58.144319201562794,0.013782857142857144,4221000.0,"(11000.0, 33050.0]_(5.249, 11.45]","(16400.0, 6780700.0]_(5.249, 11.45]",117250.0,2272.7272727272725,16962.04795050799,32.47042110053129,630000,548397500.0,-13837.0,0.5584274682494097,-46200.0,3604.278731596479,0.012431532649917693,241.20000000000002,-29.3,0.1810810810810811,209957.9,0.00021379794498691684,426790.0,0.00010517888259211002,19366.27378171242,14.539244580865182,16857803.37493117,-30799.04795050799,0.017166125773566014,34267545.552641146,-63162.047950507986,0.008444954545329142,1128132.0,0.0011487650775416428,0.0005651402646740239,-32363.0,14909.64738018376,2590.35261981624,12.281859945368762,-5.581859945368762,-0.4544800193291218,84.8171949729757,0.18717870436826564,-5.4472311894710685,16570.572883039484,1.1221788962075159,31945.288677830544,1.0060015458407912,12135.82902683519,5364.17097316481,0.442011086453456,15.252801818068614,-8.552801818068613,-0.5607364417425841,-112.72216825723751,-0.17323902681614678,9.100305086856359,22604.629168793974,2.5886016072535543,45288.084559740586,2.4597160847650783,14146.59090909091,3353.40909090909,12.582023548740416,-5.882023548740416,-0.46749424096645126,435.8429359162352,102.10911357577652,0.23427961121159688,40.73822562979189,-4.738225629791891,-0.11630908211001767,14078.390197152245,17258.609802847757,1.225893696733793,33505.846829536094,30194.153170463906,0.9011607235023571,2,18,101989.48,1499.845294117647,3699.1810075295148,68.0,10.54,14838.67,62.0,0.9117647058823529,0.6887466789524467,1,0
6831,0.0,602708,12,25.35,1179619200,1156723200,1087516800,3.0,2.0,1678.97,B2,856.9271673259485,22896000,92102400,200705,5,20,6,200608,8,28,0,200406,6,18,4,4.166666666666667,10.490400983631131,0.7773009259259259,0.6666666666666666,0.05333074102877458,0.5595230204636057,1.9570076154985734,0.033800000000000004,2737800.0,"(999.999, 9000.0]_(17.5, 31.3]","(101.999, 2788.0]_(17.5, 31.3]",228150.0,341.5559772296015,8143.072832674052,10.490400983631131,108000,15110730.0,7321.03,5.357238522116466,6841.0,21723.103691712797,0.02954796277056102,304.20000000000005,13.350000000000001,1.9500000000000002,42561.889500000005,0.015089555170628047,54730.65,0.011736111111111112,10283.126007911382,65.91747440968835,1438755.0061252478,-822.0428326740515,0.5100848034940794,1850105.7542567228,-1302.0728326740514,0.39672554042867986,20147.64,0.007142984696155289,0.005555555555555556,-480.03,9112.063525452251,-112.06352545225127,17.910961821623893,7.439038178376109,0.4153343774869177,21.540424646637916,0.02578497305038857,0.0,-29.900748843079555,-0.017497372965932397,-470.4944783340343,-0.1789296316119762,11629.972183588317,-2629.9721835883174,-0.2261374440172448,15.004061196105702,10.345938803894299,0.6895425624216718,249.4561341599873,0.4106469618146152,-15.888734353268429,-6235.6269541029205,-0.7878641186991052,-14256.314349525404,-0.8684764754406046,9131.360533664289,-131.3605336642886,17.980154359292584,7.3698456407074175,0.40988778480082966,837.4353596003907,19.491807725557805,0.023275596739620538,12.0,0.0,0.0,1701.6239516754576,-22.65395167545762,-0.013313136344344485,2623.479793670493,-464.4797936704931,-0.17704721598813708,9,60,0.0,0.0,0.0,0.0,0.0,0.0,0.0,0.0,0.0,0,0
47808,9.0,191305,60,30.15,1209688696,1209686793,698285592,22.0,15.0,28579.0,D3,678.1128753059558,1903,511403104,200805,5,2,4,200805,5,2,4,199202,2,17,0,0.5414367503432553,30.775443611762,0.7403694204813347,0.6818181818181818,0.4794507439835415,14.756015331744832,42.082842247873025,0.08655502392344498,37808100.0,"(11000.0, 33050.0]_(17.5, 31.3]","(16400.0, 6780700.0]_(17.5, 31.3]",630135.0,670.9470304975923,20221.887124694043,30.775443611762,1254000,597301100.0,-7679.0,0.7312806158152554,-17700.0,20445.103190474565,0.044396154301178194,1809.0,-29.85,0.4942622950819672,861656.85,0.0010549335199440167,1163790.0,0.0007810678479832128,40686.77251835734,11.116604513212389,19379787.86336891,-27900.887124694043,0.02372683258593267,26175156.98680989,-37921.88712469405,0.017567235960362575,1714740.0,0.002099370188943317,0.0015543638765835083,-10021.0,14137.877614252517,6762.122385747483,12.546214175058095,17.6037858249419,1.4031153604836646,249.73959192539428,0.5829952558071385,18.446165762974438,14843.078621223858,1.0806030561705473,9080.24523160763,0.30759893850236536,10858.280381254965,10041.719618745035,0.9247983351102641,16.241163621922162,13.908836378077837,0.8563940799970654,-18.56840317388412,-0.026652651287544887,37.84908657664813,22369.180635424942,3.6022272665503974,25505.19992035046,1.9477349608405063,15004.768786127168,5895.231213872832,12.826878612716763,17.323121387283237,1.3505328856943286,452.0104656674547,226.10240963850106,0.500214987953056,42.346820809248555,17.653179190751445,0.4168714168714169,15687.966763005781,12891.033236994219,0.821714721336159,31135.89001447178,7464.109985528219,0.239726886948115,22,19,98224.74,953.6382524271845,2485.3289541759946,103.0,0.92,11389.0,97.0,0.941747572815534,0.0,1,0
20781,9.0,601507,12,27.6,1153094400,1159833600,1038441600,2.0,1.0,691.87,B1,674.1727649374914,-6739200,114652800,200607,7,17,0,200610,10,3,1,200211,11,28,3,6.529850746268656,10.367716773421796,0.6454011194029851,0.5,0.05415369232966719,0.5615303514724864,1.0247303148610483,0.04731428571428572,2318400.0,"(999.999, 9000.0]_(17.5, 31.3]","(101.999, 2788.0]_(17.5, 31.3]",193200.0,244.75524475524475,6325.827235062508,10.367716773421796,84000,4843090.0,6308.13,10.10290530691183,5929.0,18607.168312274764,0.04087842613520594,331.20000000000005,15.600000000000001,2.123076923076923,19095.612,0.039834312352966646,29559.600000000002,0.02574626865671642,8090.073179249896,51.859443456730105,466439.9108773022,-17.69723506250864,0.9730148006660576,722039.0312480533,-396.82723506250863,0.6288925046058688,8302.44,0.01731926624042028,0.011194029850746268,-379.13,9371.924746743849,-2371.924746743849,18.251429088277856,9.348570911722145,0.5122103516664538,-186.39312663208796,-0.2165936722080944,0.0,-1135.4868270622287,-0.621382102414944,-1756.6049204052097,-0.6212342140618002,10858.280381254965,-3858.2803812549646,-0.3553307011592417,16.241163621922162,11.35883637807784,0.6993856254699506,-22.50851354234851,-0.03230819348477705,-10.150913423351867,-5517.94936457506,-0.8885845208401896,-12023.800079649542,-0.9182118097652803,9131.360533664289,-2131.3605336642886,17.980154359292584,9.619845640707418,0.535025753865992,837.4353596003907,-163.26259466289935,-0.19495545870048447,12.0,0.0,0.0,1701.6239516754576,-1009.7539516754576,-0.5934060523074037,2623.479793670493,-1552.479793670493,-0.5917635795846664,8,60,0.0,0.0,0.0,0.0,0.0,0.0,0.0,0.0,0.0,0,1
44914,10.0,191302,36,6.9,1138840276,1188087531,624502015,19.0,10.0,3102.0,A2,183.44680526120555,-49247255,514338261,200602,2,2,3,200708,8,26,6,198910,10,16,0,0.06322993379453991,32.258623246815624,0.03296458061019543,0.5263157894736842,15.291211561082171,493.35633583424004,16.817857027163374,0.041747899159663863,1477980.0,"(999.999, 9000.0]_(5.249, 11.45]","(16400.0, 6780700.0]_(5.249, 11.45]",41055.0,753.1645569620252,5766.553194738794,32.258623246815624,214200,18456900.0,2848.0,1.9174991943280697,-88150.0,1265.7829563023183,0.03740915973160131,248.4,-29.1,0.1864864864864865,21403.800000000003,0.002223654527876249,649290.0,7.332546944240763e-05,6604.0849894034,4.958021763816366,569051.9899202597,-2918.5531947387944,0.05911917668746553,17262344.37507944,-93916.5531947388,0.001949467117896787,111672.0,0.01160167579761521,0.0003825676666560398,-90998.0,14909.64738018376,-8959.64738018376,12.281859945368762,-5.3818599453687614,-0.4381958408016329,-269.68804925783047,-0.5951606824508817,-5.4472311894710685,-11664.427116960516,-0.7899288720670226,62345.28867783054,1.9633398031965217,12135.82902683519,-6185.82902683519,-0.5097162306058249,15.252801818068614,-8.352801818068613,-0.5476240967199748,-467.2274124880437,-0.7180665834651211,9.100305086856359,-5630.370831206026,-0.6447700103487722,75688.08455974059,4.110820778279338,15004.768786127168,-9054.768786127168,12.826878612716763,-5.926878612716763,-0.46206710078637253,452.0104656674547,-268.56366040624914,-0.5941536331679368,42.346820809248555,-6.346820809248555,-0.1498771498771499,15687.966763005781,-12585.966763005781,-0.8022688314641953,31135.89001447178,62964.10998552822,2.0222357528968296,3,19,0.0,0.0,0.0,0.0,0.0,0.0,0.0,0.0,0.0,0,1
44460,7.0,291609,36,13.1,1128213889,1187830586,900549636,15.0,7.0,4152.0,B0,350.91823950373134,-59616697,227664253,200510,10,2,6,200708,8,23,3,199807,7,16,3,1.2998375203099612,29.552318784800384,0.5189351331083615,0.4666666666666667,0.36996442649745215,10.934357950376143,11.798194961008768,0.04534615384615384,4904640.0,"(9000.0, 11000.0]_(11.45, 17.5]","(2788.0, 16400.0]_(11.45, 17.5]",136240.0,737.5886524822695,10049.081760496269,29.552318784800384,374400,43180800.0,6248.0,2.5042138213339755,2400.0,4597.028937498881,0.03722455539239279,471.59999999999997,-22.9,0.35405405405405405,54391.2,0.0031543462557187575,104800.0,0.0016372953380827395,12633.056622134329,9.48427674334409,1457012.5304194926,-3801.0817604962685,0.08449752937725291,2807345.916029851,-7649.0817604962685,0.0438592975257757,149472.0,0.008668432458463762,0.0044994375703037125,-3848.0,14208.43621399177,-3808.4362139917703,12.280197922790515,0.8198020772094843,0.06675805083630076,-78.28207888152889,-0.1823905424302623,-5.526161081716637,-9913.250636880266,-0.7048044071740103,-23283.23494687131,-0.7442719714381683,11165.83147735709,-765.8314773570892,-0.06858705318185213,16.081106161841127,-2.9811061618411276,-0.1853794217785215,-328.202746126133,-0.4832758125148125,12.320712694877507,-2454.607182628062,-0.3715382366129473,-5043.907297096053,-0.38668684023988514,13435.165562913908,-3035.1655629139077,12.652781456953642,0.44721854304635755,0.03534547281701272,404.86785515878205,-53.94961565505071,-0.13325240561242535,41.81721854304636,-5.8172185430463585,-0.13911060433295327,13544.320529801325,-9392.320529801325,-0.693450845993756,28915.71238348868,-20915.71238348868,-0.7233338091795337,7,29,28900.07,656.8197727272727,1206.4861470970798,44.0,1.9,4943.12,42.0,0.9545454545454546,1.0077376042604311,0,1
27014,3.0,602007,12,30.55,1184025600,1131580800,1090886400,2.0,2.0,1659.09,A1,879.8207826630961,52444800,93139200,200707,7,10,1,200511,11,10,3,200407,7,27,1,4.07055630936228,10.217742561420009,0.7503799185888738,1.0,0.06120542161982003,0.6254507282790998,1.8835727229140355,0.04073333333333334,3299400.0,"(999.999, 9000.0]_(17.5, 31.3]","(101.999, 2788.0]_(17.5, 31.3]",274950.0,285.26148969889067,8120.179217336904,10.217742561420009,108000,14931810.0,7340.91,5.421392816052142,6790.0,26878.524910357588,0.0346835594723757,366.6,18.55,2.35,50685.199499999995,0.018402616725599216,67515.5,0.013817277250113072,10557.849391957154,67.67852174331509,1459701.8623085162,-779.2692173369038,0.529983785615898,1944403.9296854425,-1330.179217336904,0.39792889310859164,19909.079999999998,0.007228523754736189,0.005427408412483039,-550.9100000000001,9112.063525452251,-112.06352545225127,17.910961821623893,12.639038178376108,0.7056593779970546,44.43403998378551,0.05318978350227771,0.0,-49.780748843079664,-0.02913078644290779,-419.4944783340343,-0.15953426857918823,11631.587651598677,-2631.5876515986765,-0.2262449229135959,14.969253031973539,15.580746968026462,1.0408499966395655,268.45019504627817,0.43909569822899586,-15.684674751929439,-6133.192477949283,-0.7870854907153433,-14156.616980088496,-0.86496904016947,9131.360533664289,-131.3605336642886,17.980154359292584,12.569845640707417,0.6990955355292049,837.4353596003907,42.3854230627054,0.05061336684294173,12.0,0.0,0.0,1701.6239516754576,-42.53395167545773,-0.02499609366310214,2623.479793670493,-413.4797936704931,-0.15760738644454977,2,60,26493.639643816365,220.78033036513636,175.91981756660647,120.0,1.2887659440243668,840.114099713651,71.0,0.5916666666666667,0.0,1,0
34239,6.0,601910,12,18.15,1143158400,1138320000,1067644800,4.0,2.0,1667.54,B1,825.7625554031329,4838400,75513600,200603,3,24,4,200601,1,27,4,200311,11,1,5,4.267425320056899,10.885834077973648,0.7906780464675202,0.5,0.04893456282635263,0.5327527197760303,2.016951528709353,0.0242,1960200.0,"(999.999, 9000.0]_(17.5, 31.3]","(101.999, 2788.0]_(17.5, 31.3]",163350.0,469.9738903394256,8174.237444596867,10.885834077973648,108000,15007860.0,7332.46,5.393937214570823,6892.0,14987.59038056686,0.021953098723913524,217.79999999999998,6.149999999999999,1.396153846153846,30265.851,0.010877773382717825,38260.2,0.00860597439544808,9909.150664837594,63.52019656947176,1376992.0916369401,-841.7774445968671,0.4949012642208954,1740707.4667898042,-1282.2374445968671,0.39154222636469077,20010.48,0.00719191628609443,0.005689900426742532,-440.46000000000004,9112.063525452251,-112.06352545225127,17.910961821623893,0.23903817837610575,0.01334591524211252,-9.624187276177736,-0.011520636831403825,0.0,-41.33074884307962,-0.024186000533428814,-521.4944783340343,-0.19832499464476416,11267.917586460633,-2267.917586460633,-0.20127211341922932,15.966685062545988,2.1833149374540106,0.13674190534236463,153.6978351623933,0.22869499102309276,-12.211920529801326,-4782.956232523915,-0.7414865554696194,-11397.448580906745,-0.8439148475986075,9131.360533664289,-131.3605336642886,17.980154359292584,0.1698456407074147,0.009446283792309842,837.4353596003907,-11.672804197257847,-0.013938752482135339,12.0,0.0,0.0,1701.6239516754576,-34.08395167545768,-0.020030249128720742,2623.479793670493,-515.4797936704931,-0.19648704553172439,8,60,0.0,0.0,0.0,0.0,0.0,0.0,0.0,0.0,0.0,0,1
40774,8.0,602207,12,19.45,1131494400,1130371200,1052179200,3.0,2.0,907.02,A4,923.714796900864,1123200,79315200,200511,11,9,2,200510,10,27,3,200305,5,6,1,7.745933384972889,10.814145111027212,0.7025716498838109,0.6666666666666666,0.038294170582941704,0.41416012946212016,0.9808645898603902,0.023339999999999996,2334000.0,"(9000.0, 11000.0]_(17.5, 31.3]","(101.999, 2788.0]_(17.5, 31.3]",194500.0,488.99755501222495,9076.285203099136,10.814145111027212,120000,9070200.0,9092.98,11.012973282526817,8710.0,17966.252799721806,0.021033512240947926,233.39999999999998,7.449999999999999,1.4961538461538462,17641.539,0.02142023303451466,25090.5,0.015065840433772269,11084.57756281037,71.05498437698954,837827.7950850216,16.69479690086405,1.01728463789439,1191592.0880021146,-366.28520309913597,0.7155033283507855,10884.24,0.01321556793903218,0.009295120061967466,-382.98,9112.063525452251,887.9364745477487,17.910961821623893,1.5390381783761065,0.0859271653696468,88.32805422155343,0.10573312899156329,0.0,-801.8507488430796,-0.4692284360218229,-1339.4944783340343,-0.5094114056412457,11332.349766102914,-1332.3497661029141,-0.11757047687393224,15.799424253328535,3.650575746671464,0.23105751754861453,252.52888157155587,0.3762428200652215,-12.306585102554877,-5947.312878733357,-0.8676720235146191,-12266.173285198556,-0.9048404020175443,9131.360533664289,868.6394663357114,17.980154359292584,1.4698456407074154,0.0817482214744037,837.4353596003907,86.27943730047332,0.10302817562139284,12.0,0.0,0.0,1701.6239516754576,-794.6039516754577,-0.46696801070123195,2623.479793670493,-1333.479793670493,-0.5082866644857327,5,60,0.0,0.0,0.0,0.0,0.0,0.0,0.0,0.0,0.0,0,1
6993,3.0,121089,36,14.95,1101947533,1109723893,929579198,26.0,14.0,6768.0,B1,263.2704470840608,-7776360,172368335,200412,12,2,3,200503,3,2,2,199906,6,17,3,0.5937036169049293,28.758418067013544,0.5287086946332318,0.5384615384615384,0.7935797921326141,22.82510233950338,25.610128089151008,0.07081578947368421,4090320.0,"(999.999, 9000.0]_(11.45, 17.5]","(2788.0, 16400.0]_(11.45, 17.5]",113620.0,476.4890282131662,7336.729552915939,28.758418067013544,273600,51436800.0,832.0,1.1227655488255281,-5200.0,3935.8931839067086,0.05657083553971743,538.1999999999999,-21.05,0.40405405405405403,101181.59999999999,0.0022085980203870583,191360.0,0.0011678775095695648,9477.736095026188,7.115417488758399,1781814.3858649232,-6504.729552915939,0.038893551053931275,3369861.7226759777,-12536.72955291594,0.020566396928682194,243648.0,0.005318363126015659,0.002812280290602297,-6032.0,14909.64738018376,-7309.64738018376,12.281859945368762,2.6681400546312375,0.2172423449297953,-189.86440743497525,-0.41900199364822666,-5.4472311894710685,-7998.427116960516,-0.5416629936007765,-18954.711322169456,-0.596910207429166,11631.587651598677,-4031.5876515986765,-0.3466068237937032,14.969253031973539,-0.019253031973539336,-0.0012861718572340164,-348.10014053275717,-0.5693766556380891,8.315325248070561,-1024.282477949283,-0.13144832478132215,-3566.6169800884963,-0.21792023265575383,14669.042437431992,-7069.042437431992,12.40500544069641,2.544994559303589,0.20515868142664148,449.56226881483747,-186.2918217307767,-0.41438491317763426,40.96191512513602,-4.9619151251360165,-0.12113484220592921,15323.734494015234,-8555.734494015234,-0.5583322066404062,30572.210065645515,-17772.210065645515,-0.5813191139104605,8,12,49752.020000000004,487.76490196078436,851.2635548997063,102.0,0.0,3802.33,96.0,0.9411764705882353,0.0,0,1
49727,9.0,601104,12,19.1,1139443200,1141603200,1067817600,3.0,2.0,1613.02,A5,829.8387955982921,-2160000,71625600,200602,2,9,3,200603,3,6,0,200311,11,3,0,3.329633740288568,10.832426275327027,0.5967517573066963,0.6666666666666666,0.12098433507388068,1.3106995072561807,1.9414355811808888,0.02546666666666667,2062800.0,"(999.999, 9000.0]_(17.5, 31.3]","(101.999, 2788.0]_(17.5, 31.3]",171900.0,447.76119402985074,8170.161204401707,10.832426275327027,108000,14517180.0,7386.98,5.5761390813001075,6298.0,15849.920995927381,0.022988815762082913,229.20000000000002,7.100000000000001,1.4692307692307693,30808.682,0.011833806272536896,51608.200000000004,0.007066222715501295,9958.065547179505,63.83375350756093,1338546.574075957,-783.1812044017079,0.5141440599238498,2242224.4257065854,-1872.161204401708,0.3070065836471669,19356.239999999998,0.0074348521084001435,0.004439511653718091,-1088.98,9051.112288135593,-51.11228813559319,18.09610699152542,1.0038930084745807,0.05547563401038209,-0.6997199010965005,-0.0008424894066180313,0.0,37.701443326271146,0.02393258377269256,254.71742584745743,0.10408173887956616,10858.280381254965,-1858.2803812549646,-0.171139472919025,16.241163621922162,2.8588363780778394,0.17602411037956728,133.15751711845223,0.1911311832707809,-10.150913423351867,-4596.799364575059,-0.7402468726865488,-10392.800079649542,-0.7936585527411646,9131.360533664289,-131.3605336642886,17.980154359292584,1.1198456407074175,0.062282315175378564,837.4353596003907,-7.596564002098603,-0.009071224321986534,12.0,0.0,0.0,1701.6239516754576,-88.60395167545767,-0.05207023066889497,2623.479793670493,78.52020632950689,0.029929792681821953,6,60,0.0,0.0,0.0,0.0,0.0,0.0,0.0,0.0,0.0,0,1
11233,10.0,171204,36,8.2,1138838560,1156982410,856052173,23.0,10.0,8356.0,A3,326.8585981818285,-18143850,282786387,200602,2,2,3,200608,8,31,3,199702,2,16,6,0.43512823731224637,31.72099209132902,0.34960880297895486,0.43478260869565216,1.4944716854148639,47.41068279496329,25.486597107225506,0.028384615384615383,3070079.9999999995,"(9000.0, 11000.0]_(5.249, 11.45]","(16400.0, 6780700.0]_(5.249, 11.45]",85279.99999999999,1130.4347826086957,10073.141401818171,31.72099209132902,374400,86902400.0,2044.0,1.24446571736269,-13500.0,2680.2405050909933,0.02501078222585557,295.2,-27.8,0.2216216216216216,68519.2,0.0009812133540744285,195979.99999999997,0.00034308187941927115,11766.909534545826,8.834016167076445,2731230.4464073586,-8029.141401818171,0.039111953832933886,7811920.4965457,-23573.14140181817,0.013675519776654889,300816.0,0.004307765944717004,0.0015062131291577758,-15544.0,14137.877614252517,-3737.8776142525167,12.546214175058095,-4.346214175058096,-0.3464163862034478,-101.51468519873299,-0.23697716252894468,-5.553834237025562,-5379.921378776142,-0.3916680381622487,-5619.754768392369,-0.19037267797392404,12135.82902683519,-1735.8290268351902,-0.14303341147908902,15.252801818068614,-7.052801818068614,-0.46239385407301353,-323.81561956742075,-0.4976616726685946,9.100305086856359,-376.3708312060262,-0.04310064683247604,5488.084559740582,0.2980724399668032,14340.068027210884,-3940.068027210884,12.672925170068028,-4.472925170068029,-0.3529512807850043,427.52391368540515,-100.66531550357666,-0.23546125089426356,42.563265306122446,-6.563265306122446,-0.1542002301495972,13949.059863945578,-5593.059863945578,-0.40096321318414263,31142.407660738714,-7242.407660738714,-0.23255773091266896,4,17,35152.99,676.0190384615385,1132.2246745101634,52.0,8.32,4131.57,48.0,0.9230769230769231,0.0,1,0
11875,10.0,602008,12,14.65,1169596800,1144281600,1078099200,8.0,4.0,2564.75,C3,810.8391638835458,25315200,91497600,200701,1,24,2,200604,4,6,3,200403,3,1,0,2.176541717049577,11.08593967916902,0.6202539298669891,0.5,0.17434173980668816,1.9329567601706648,3.1591848657943045,0.019533333333333333,1582200.0,"(999.999, 9000.0]_(11.45, 17.5]","(2788.0, 16400.0]_(11.45, 17.5]",131850.0,575.0798722044728,8189.160836116454,11.08593967916902,108000,23082750.0,6435.25,3.5077462730195847,4866.0,11878.793750893947,0.018045446255536238,175.8,2.6500000000000004,1.126923076923077,37573.5875,0.005709831433304102,60563.1,0.003542926239419589,9730.06996660255,62.37224337565737,2079599.7455703241,-1753.9108361164542,0.31602422834786936,3352009.103494578,-3323.1608361164544,0.19609169622334843,30777.0,0.00467699503069278,0.002902055622732769,-1569.25,9051.112288135593,-51.11228813559319,18.09610699152542,-3.4461069915254203,-0.19043361056271743,-19.69935161584283,-0.023718769507032368,0.0,989.4314433262712,0.6280834051846929,1686.7174258474574,0.6892205434967159,12135.82902683519,-3135.8290268351902,-0.2583942983953655,15.252801818068614,-0.6028018180686132,-0.03952072709385947,160.16494613429654,0.2461522859908665,-14.899694913143641,-6167.620831206026,-0.7062939664867871,-14277.915440259418,-0.7754714867438174,9131.360533664289,-131.3605336642886,17.980154359292584,-3.3301543592925835,-0.18521277919794266,837.4353596003907,-26.59619571684493,-0.03175910285127698,12.0,0.0,0.0,1701.6239516754576,863.1260483245424,0.5072366591188898,2623.479793670493,1510.520206329507,0.5757697124154892,16,60,3583.964758497581,238.93098389983874,175.5796242159619,15.0,59.951942116830686,731.2341328156856,10.0,0.6666666666666666,0.5839659587778002,0,1
47950,7.0,461968,36,6.45,1167699418,1178064569,748139210,33.0,15.0,11015.0,A1,338.4200628123625,-10365151,419560208,200701,1,2,1,200705,5,2,2,199309,9,16,3,0.20653819554774677,32.55552988954762,0.20588400216818378,0.45454545454545453,3.8444484662021536,125.1693834712607,32.45241282654906,0.021013574660633486,2565810.0,"(11000.0, 33050.0]_(5.249, 11.45]","(16400.0, 6780700.0]_(5.249, 11.45]",71272.5,1483.221476510067,10711.579937187638,32.55552988954762,397800,121715750.0,35.0,1.0030864197530864,-42450.0,2182.8094051397384,0.019003001609735944,232.20000000000002,-29.55,0.17432432432432432,71046.75,0.0005855119825708061,345075.0,0.00012055849423375264,12183.122261245051,9.146488184117906,3727696.9918781733,-10676.579937187638,0.03072077549131831,18105473.360461395,-53161.579937187635,0.006325490417232622,396540.0,0.0032679738562091504,0.0006728846189790845,-42485.0,15695.833333333334,-4645.833333333334,12.214772727272727,-5.764772727272727,-0.471950879151549,-123.68090426349096,-0.26764909202881815,-6.9090909090909065,-4976.621212121212,-0.3112017941213533,22771.75572519084,0.7410692105132409,11165.83147735709,-115.83147735708917,-0.010373744005717883,16.081106161841127,-9.631106161841128,-0.5989081885856079,-340.7009228175018,-0.5016792736886373,12.320712694877507,4408.392817371938,0.6672703091783202,40456.092702903945,3.1015317558957682,14715.938303341902,-3665.9383033419017,12.572493573264781,-6.122493573264781,-0.4869752796123254,443.93072634656005,-105.51066353419753,-0.23767371184807182,42.10796915167095,-6.10796915167095,-0.14505494505494504,15752.982005141388,-4737.982005141388,-0.3007673089193542,32312.467532467534,21187.532467532466,0.6557076597831242,2,46,0.0,0.0,0.0,0.0,0.0,0.0,0.0,0.0,0.0,1,0
12922,10.0,311685,60,15.5,1183422195,1237856114,811297973,21.0,12.0,17861.0,B2,553.2233948332845,-54433919,372124222,200707,7,3,1,200903,3,24,1,199509,9,17,6,0.4903946610946462,41.49951123394676,0.38082343660049894,0.5714285714285714,1.2625103256380157,52.39583942272087,32.22707696302274,0.04043478260869565,21390000.0,"(11000.0, 33050.0]_(11.45, 17.5]","(16400.0, 6780700.0]_(11.45, 17.5]",356500.0,1393.939393939394,22446.776605166717,41.49951123394676,1380000,410803000.0,5139.0,1.2876497592654799,-23900.0,8574.96261991591,0.027967061918529337,930.0,-44.5,0.2540983606557377,276845.5,0.0008677639682006494,726950.0,0.0003304833585637833,33193.40368999707,9.069235980873517,9881123.055117294,-17307.776605166717,0.03097208570335262,25946177.217681043,-46346.77660516671,0.011795556487778181,1071660.0,0.003359086328518643,0.001279290420246903,-29039.0,14909.64738018376,8090.35261981624,12.281859945368762,3.218140054631238,0.26202383588038985,100.08854031424846,0.22088025080410975,18.55276881052893,3094.5728830394837,0.20956815474239532,15145.288677830544,0.47694619309157144,12135.82902683519,10864.17097316481,0.8952145707673993,15.252801818068614,0.24719818193138643,0.01620673925223057,-97.45082291596475,-0.14976899384926826,33.10030508685636,9128.629168793974,1.0453780932174659,28488.084559740582,1.5472634909808816,13298.532863849765,9701.467136150235,12.68855633802817,2.811443661971831,0.22157317090091713,407.07614330225897,146.14725153102552,0.35901698966060364,41.070422535211264,18.929577464788736,0.4609053497942388,12937.718896713615,4923.281103286385,0.38053702840436393,28714.537963507944,18185.462036492056,0.6333189849547002,9,31,81905.29000000001,758.3823148148149,1747.7468838770872,108.0,1.88,8053.18,102.0,0.9444444444444444,1.0459845073967393,0,1
13885,2.0,231391,36,7.9,1078187809,1119658541,745462472,19.0,10.0,3660.0,A2,186.17701120917326,-41470732,332725337,200403,3,2,1,200506,6,25,5,199308,8,16,0,0.3287111209325452,31.788091718970666,0.20219877354842275,0.5263157894736842,2.426482944043018,77.14622595326662,19.553683309484477,0.0477983193277311,1692180.0,"(999.999, 9000.0]_(5.249, 11.45]","(16400.0, 6780700.0]_(5.249, 11.45]",47005.0,668.5393258426966,5763.8229887908265,31.788091718970666,214200,21777000.0,2290.0,1.6252390057361377,-12150.0,1470.7983885524689,0.04220603774451567,284.40000000000003,-28.1,0.21351351351351353,28914.0,0.0021578803605572247,142990.0,0.00043643997569195074,6702.3724035302375,5.03181111376144,681407.8610255742,-3473.822988790827,0.05085414127538193,3369803.902886036,-17913.822988790827,0.01028545446158628,131760.0,0.009833378858235455,0.0019888403955582563,-14440.0,13886.444585784704,-7936.444585784704,13.221839720146287,-5.321839720146286,-0.402503723595842,-237.5182585580048,-0.5605874681785376,-5.689934806805532,-10429.51550325966,-0.7402323735579661,-13690.307101727449,-0.43064406574995096,11673.722531109346,-5723.722531109346,-0.49030825564477626,14.786364839819962,-6.8863648398199615,-0.4657239906102445,-412.9387108710096,-0.6892469946160815,7.63780778395552,-4318.54598623246,-0.5412697994953484,974.3768924302785,0.05689585052234349,14217.435515873016,-8267.435515873016,12.754613095238096,-4.854613095238095,-0.38061625695651663,436.8805745512807,-250.70356334210743,-0.5738491888763987,41.095238095238095,-5.095238095238095,-0.12398609501738123,13973.134424603175,-10313.134424603175,-0.7380687905245039,31860.969515242377,-13760.969515242377,-0.4319068039865859,3,23,100949.91,1506.7150746268658,3784.68362318012,67.0,2.13,14393.04,61.0,0.9104477611940298,0.0,0,1
38541,10.0,602410,12,20.85,1171584000,1099612800,1014940800,5.0,2.0,1656.07,A2,837.3761840777227,71971200,156643200,200702,2,16,4,200411,11,5,4,200203,3,1,4,3.2074126870990733,10.735037768159746,0.5901888809693514,0.4,0.1276447061437618,1.3704229936635308,1.97533044407959,0.027800000000000002,2251800.0,"(999.999, 9000.0]_(17.5, 31.3]","(2788.0, 16400.0]_(17.5, 31.3]",187650.0,411.89931350114415,8162.623815922278,10.735037768159746,108000,14904630.0,7343.93,5.431273271497282,6195.0,17459.29343802052,0.024869504162903414,250.20000000000002,8.850000000000001,1.603846153846154,34529.0595,0.01258244974563537,58484.25000000001,0.007430506058446187,10048.514208932673,64.41355262136328,1386753.577165594,-818.6938159222773,0.5053354318633025,2348840.196338012,-1967.6238159222773,0.29842344407616633,19872.84,0.007241697695329709,0.0042765502494654314,-1148.93,9112.063525452251,-112.06352545225127,17.910961821623893,2.9390381783761086,0.16409158858391457,1.9894413984120547,0.0023814615396353786,0.0,-52.800748843079646,-0.03089803537150262,175.50552166596572,0.06674496680333801,12135.82902683519,-3135.8290268351902,-0.2583942983953655,15.252801818068614,5.597198181931388,0.36696196860703284,186.70196632847342,0.28693616749453393,-14.899694913143641,-7076.3008312060265,-0.810352763068437,-15606.915440259418,-0.8476530044306744,9131.360533664289,-131.3605336642886,17.980154359292584,2.8698456407074175,0.15961184667050488,837.4353596003907,-0.059175522668056146,-7.066279443501604e-05,12.0,0.0,0.0,1701.6239516754576,-45.55395167545771,-0.02677086886947275,2623.479793670493,181.5202063295069,0.06919062489730221,3,60,0.0,0.0,0.0,0.0,0.0,0.0,0.0,0.0,0.0,0,1
11704,,601604,12,18.2,1178064000,1110153600,1034726400,1.0,1.0,785.18,A5,734.2016198309556,67910400,143337600,200705,5,2,2,200503,3,7,0,200210,10,16,2,5.551700208188758,10.88136884388181,0.544885496183206,1.0,0.08184226971628547,0.8906672432938361,1.06797914860489,0.027299999999999998,1747200.0,"(999.999, 9000.0]_(17.5, 31.3]","(101.999, 2788.0]_(17.5, 31.3]",145600.0,416.6666666666667,7265.798380169044,10.88136884388181,96000,6281440.0,7214.82,10.175786715510444,6560.0,13362.469480923392,0.02475511411983112,218.39999999999998,6.199999999999999,1.4,14290.275999999998,0.02314991477778626,26208.0,0.012630117973629423,8810.419437971466,56.47704767930428,576480.4278588697,-50.978380169044385,0.9338848861977608,1057250.332556576,-705.7983801690444,0.5095084107085049,9422.16,0.015263680073265666,0.008327550312283136,-654.82,9051.112288135593,-1051.1122881355932,18.09610699152542,0.10389300847457861,0.005741180051777583,-96.33689566843304,-0.11599329094389718,0.0,-790.1385566737289,-0.5015738266564316,-1007.2825741525426,-0.41159226351348066,,,,,,,,,,,,,,9131.360533664289,-1131.3605336642886,17.980154359292584,0.2198456407074154,0.012227127549313491,837.4353596003907,-103.23373976943515,-0.12327368146801976,12.0,0.0,0.0,1701.6239516754576,-916.4439516754577,-0.5385701998218267,2623.479793670493,-1183.479793670493,-0.4511106952398876,6,60,0.0,0.0,0.0,0.0,0.0,0.0,0.0,0.0,0.0,0,1
48719,10.0,602808,12,6.699999999999999,1136419200,1148256000,1068681600,4.0,4.0,3079.63,A0,863.8850760240801,-11836800,67737600,200601,1,5,3,200605,5,22,0,200311,11,13,3,2.8546959748786755,11.562229800484591,0.8791407365115615,1.0,0.04223277672232776,0.4883539000830675,3.560738976046636,0.008039999999999999,804000.0,"(9000.0, 11000.0]_(5.249, 11.45]","(2788.0, 16400.0]_(5.249, 11.45]",67000.0,1298.7012987012988,9136.11492397592,11.562229800484591,120000,30796300.0,6920.37,3.246089273947212,6498.0,5788.030009361336,0.007746693966324675,80.39999999999999,-5.300000000000001,0.5153846153846153,20633.520999999997,0.0021748798135446316,23463.399999999998,0.0019126463031687124,10366.620912288961,66.45269815569847,2660446.396676038,-2215.74492397592,0.28042480792048385,3025325.5362363285,-2638.1149239759197,0.24661292492837,36955.56,0.0038953071287366543,0.0034256351698544107,-422.3699999999999,9371.924746743849,628.075253256151,18.251429088277856,-11.551429088277857,-0.6329054581099551,3.319184454500828,0.0038569788635789337,0.0,1252.2731729377715,0.6852920865767651,674.3950795947903,0.23850399846458967,12135.82902683519,-2135.8290268351902,-0.17599366488373944,15.252801818068614,-8.552801818068614,-0.5607364417425843,213.2108582748309,0.32767681961081807,-14.899694913143641,-5652.740831206026,-0.6473317430594421,-14909.915440259418,-0.8097970843195086,9131.360533664289,868.6394663357114,17.980154359292584,-11.280154359292585,-0.6273669365615165,837.4353596003907,26.449716423689438,0.03158418870241014,12.0,0.0,0.0,1701.6239516754576,1378.0060483245425,0.8098182015877987,2623.479793670493,878.5202063295069,0.33486829532632884,1,60,0.0,0.0,0.0,0.0,0.0,0.0,0.0,0.0,0.0,0,1
10840,10.0,522094,60,16.45,1112400387,1151281857,592964551,22.0,17.0,13316.0,B3,391.6969577924316,-38881470,519435836,200504,4,2,5,200606,6,26,0,198810,10,16,6,0.839429503710331,40.61656115103065,0.7008052207778538,0.7727272727272727,0.35634129521660085,14.474265428367286,33.909098952170794,0.06188087774294671,15742650.0,"(11000.0, 33050.0]_(11.45, 17.5]","(16400.0, 6780700.0]_(11.45, 17.5]",262377.5,914.0401146131805,15558.303042207568,40.61656115103065,957000,212390200.0,2634.0,1.1977172035743786,-3050.0,6443.414955685499,0.04188980758209744,987.0,-43.55,0.26967213114754096,219048.19999999998,0.0012352631974168356,312550.0,0.0008657439082153571,23501.817467545894,6.421261603154616,5215836.689964019,-12924.303042207568,0.029413303130767558,7442242.1980562005,-18608.303042207568,0.02061454438147632,798960.0,0.004505519261094841,0.0031577285406031263,-5684.0,14909.64738018376,1040.35261981624,12.281859945368762,4.1681400546312375,0.33937368388596206,-61.437896726604436,-0.1355841337603913,18.55276881052893,-1450.4271169605163,-0.09822464875708325,-12754.711322169456,-0.40166358915266825,12135.82902683519,3814.1709731648098,0.3142901045104356,15.252801818068614,1.1971981819313857,0.07849037810962531,-258.97725995681765,-0.3980137108438802,33.10030508685636,4583.629168793974,0.5249008840089455,588.0845597405823,0.03194043344641259,15331.050228310502,618.9497716894984,12.722146118721462,3.727853881278538,0.293020835202699,455.2996880685685,-63.602730276136924,-0.13969421008379496,42.465753424657535,17.534246575342465,0.41290322580645156,13229.506849315068,86.4931506849316,0.0065378968143026146,27203.211009174312,-8203.211009174312,-0.3015530411614927,10,52,0.0,0.0,0.0,0.0,0.0,0.0,0.0,0.0,0.0,1,0
33817,6.0,311662,36,12.1,1109723216,1109723514,924307438,23.0,17.0,14421.0,A4,239.4870626117406,-298,185415778,200503,3,2,2,200503,3,2,2,199904,4,17,5,0.1690101171334006,29.939240480575005,0.33851318044177364,0.7391304347826086,3.9132064990973476,117.17470243085042,59.96580374588502,0.0605,3136320.0,"(999.999, 9000.0]_(11.45, 17.5]","(16400.0, 6780700.0]_(11.45, 17.5]",87120.0,549.6183206106871,6960.512937388259,29.939240480575005,259200,103831200.0,-7221.0,0.4992372763833033,-35400.0,2897.793457602061,0.050314556918744105,435.59999999999997,-23.9,0.327027027027027,174494.1,0.0008389959783663847,515460.0,0.0002840308912936316,8621.534254022663,6.472623313830828,3453642.9299239116,-14181.51293738826,0.01660567623157264,10202148.86726015,-42360.51293738826,0.005621630069992268,519156.0,0.0024961863819165163,0.0008450505856670031,-28179.0,13886.444585784704,-6686.444585784704,13.221839720146287,-1.121839720146287,-0.08484747538097331,-184.20820715543744,-0.4347657864027145,-5.689934806805532,331.48449674034055,0.023527033038407207,10809.692898272551,0.34003109387028113,11267.917586460633,-4067.917586460633,-0.3610176907353834,15.966685062545988,-3.8666850625459883,-0.2421720631050902,-432.57765762899896,-0.643654762109884,11.788079470198674,7970.503767476085,1.235641953759801,29094.551419093255,2.1542824916030945,13298.532863849765,-6098.532863849765,12.68855633802817,-0.5885563380281695,-0.04638481497412278,407.07614330225897,-167.58908069051836,-0.4116897623403134,41.070422535211264,-5.070422535211264,-0.12345679012345673,12937.718896713615,1483.2811032863847,0.11464780732430054,28714.537963507944,13885.462036492056,0.48356905669659334,5,31,0.0,0.0,0.0,0.0,0.0,0.0,0.0,0.0,0.0,0,1
48009,7.0,602109,12,6.25,1133481600,1104364800,1021593600,4.0,2.0,810.5,B2,775.6324252510805,29116800,111888000,200512,12,2,4,200412,12,30,3,200205,5,17,4,8.395522388059701,11.588493742184864,0.7560634328358209,0.5,0.02894122875236085,0.3354225133154619,1.043608242004537,0.008333333333333333,675000.0,"(999.999, 9000.0]_(5.249, 11.45]","(101.999, 2788.0]_(5.249, 11.45]",56250.0,1241.3793103448277,8224.36757474892,11.588493742184864,108000,7294500.0,8189.5,11.090573012939002,7929.0,4847.702657819253,0.008047565098739488,75.0,-5.75,0.4807692307692308,5065.625,0.007701786814540973,6693.75,0.005830223880597015,9307.589103012966,59.66403271162157,628650.0806660007,-34.86757474891954,0.9558008937166734,830702.3274439072,-295.36757474891954,0.7235377101222765,9726.0,0.014787430683918669,0.011194029850746268,-260.5,9112.063525452251,-112.06352545225127,17.910961821623893,-11.660961821623893,-0.6510516820791623,-59.75431742823014,-0.07152892711294642,0.0,-898.3707488430796,-0.5257101799251257,-1558.4944783340343,-0.5926973763114528,11165.83147735709,-2165.831477357089,-0.19396956525352588,16.081106161841127,-9.831106161841127,-0.6113451439783022,96.51143962121614,0.1421122917173656,-11.679287305122493,-5796.107182628062,-0.8773197834236016,-11972.907297096053,-0.9178927007371146,9131.360533664289,-131.3605336642886,17.980154359292584,-11.730154359292584,-0.652394530374549,837.4353596003907,-61.80293434931025,-0.07380024456908711,12.0,0.0,0.0,1701.6239516754576,-891.1239516754576,-0.5236902964359644,2623.479793670493,-1552.479793670493,-0.5917635795846664,9,60,25911.488860992824,237.72008129351215,154.0926936510325,109.0,49.04450824111028,738.1688935369506,109.0,1.0,0.0,0,1
2650,9.0,341755,60,23.25,1178152047,1178151725,826937959,23.0,11.0,27210.0,D1,651.6886957937845,322,351214088,200705,5,3,3,200705,5,3,3,199603,3,16,5,0.7054998312935186,35.23885145893012,0.834636974325941,0.4782608695652174,0.234337637494022,8.25814823320145,41.68909339989081,0.06065217391304348,32085000.0,"(11000.0, 33050.0]_(17.5, 31.3]","(16400.0, 6780700.0]_(17.5, 31.3]",534750.0,948.4536082474227,22348.311304206214,35.23885145893012,1380000,625830000.0,-4210.0,0.8452464077027673,-9600.0,15151.76217720549,0.035621882453048925,1395.0,-36.75,0.38114754098360654,632632.5,0.0008544338686560583,757950.0,0.000713168307720622,39101.32174762707,10.683421242521058,17732449.412548877,-26558.311304206214,0.023949457785225992,21245051.482877374,-31948.311304206214,0.019989837606017746,1632600.0,0.0022049906287898275,0.001840434342504831,-5390.0,13886.444585784704,9113.555414215296,13.221839720146287,10.028160279853713,0.7584542311894522,227.99342602660647,0.5381070837819115,18.31006519319447,13120.48449674034,0.9312232555977435,809.6928982725512,0.025469804229370074,10858.280381254965,12141.719618745035,1.1181991247624916,16.241163621922162,7.008836378077838,0.43154767362957785,-44.99258268605536,-0.06458130005191079,37.84908657664813,21000.180635424942,3.3817699682576823,19505.19992035046,1.489537816668407,13621.012658227848,9378.987341772152,12.458227848101266,10.791772151898734,0.8662365372891687,410.9006275808902,240.7880682128943,0.5860007311998875,42.01518987341772,17.984810126582282,0.42805495300072316,13676.06329113924,13533.93670886076,0.9896076393291799,33980.86734693877,-1380.8673469387722,-0.04063661273976193,20,34,0.0,0.0,0.0,0.0,0.0,0.0,0.0,0.0,0.0,1,0
22131,8.0,461969,60,18.4,1104624817,1104624131,516588021,31.0,15.0,19367.0,B4,266.35988866678525,686,588036796,200501,1,2,6,200501,1,2,6,198605,5,16,4,0.4663468005919017,38.898879154463145,0.8684363929868616,0.4838709677419355,0.2819921161426786,10.970231976926963,72.43794159466228,0.10615384615384615,11481599.999999998,"(9000.0, 11000.0]_(17.5, 31.3]","(16400.0, 6780700.0]_(17.5, 31.3]",191359.99999999997,536.0824742268042,10133.640111333214,38.898879154463145,624000,201416800.0,-8967.0,0.53696819496076,-11900.0,4901.021951468848,0.06882109388866556,1104.0,-41.6,0.30163934426229505,356352.8,0.000950020652622883,410319.99999999994,0.0008250751087395183,15981.593320007116,4.366555551914512,5158591.96380963,-19100.640111333214,0.013752575829553143,5939825.5172693115,-22033.640111333214,0.011943854027477926,1162020.0,0.0030978934324659233,0.002690462311107125,-2933.0,14137.877614252517,-3737.8776142525167,12.546214175058095,5.8537858249419035,0.4665778651044587,-162.01339471377622,-0.37820611368483864,18.446165762974438,5631.078621223858,0.4099527411335243,-7219.754768392369,-0.24457367024345214,11332.349766102914,-932.3497661029141,-0.08227329594888953,15.799424253328535,2.6005757466714634,0.164599399634679,-404.8260266625229,-0.6031503603050141,35.69341489744512,12512.667121266642,1.8255120290537907,8743.826714801444,0.6450070038827609,14715.938303341902,-4315.938303341902,12.572493573264781,5.8275064267352175,0.463512380640808,443.93072634656005,-177.5708376797748,-0.3999967272847699,42.10796915167095,17.89203084832905,0.42490842490842495,15752.982005141388,3614.017994858612,0.2294180234370283,32312.467532467534,-10012.467532467534,-0.30986391003432395,11,46,74639.44,899.2703614457831,1878.4119656770317,83.0,8.33,8133.79,77.0,0.927710843373494,1.013542053481519,1,0
45695,3.0,603006,12,7.699999999999999,1161820800,1154736000,1059782400,5.0,2.0,1670.17,A3,868.4978080918363,7084800,102038400,200610,10,26,3,200608,8,5,5,200308,8,2,5,3.127932436659368,11.50089155709959,0.5224178917735377,0.4,0.15256774322567743,1.7548405364569266,1.9208444051921023,0.00924,924000.0,"(9000.0, 11000.0]_(5.249, 11.45]","(2788.0, 16400.0]_(5.249, 11.45]",77000.0,1149.4252873563219,9131.502191908163,11.50089155709959,120000,16701700.0,8329.83,5.983831686782314,6804.0,6687.433122307139,0.008855686498966684,92.39999999999999,-4.300000000000001,0.5923076923076922,12860.309,0.0046075503988223816,24609.199999999997,0.002408507976227713,10421.973697102036,66.80752369937203,1450538.9841407423,-801.6721919081638,0.5196944703960915,2775718.994661509,-2327.5021919081637,0.2716602465098018,20042.04,0.007180598024138777,0.003753518923991242,-1525.83,9112.063525452251,887.9364745477487,17.910961821623893,-10.210961821623894,-0.570095672321528,33.111065412525704,0.039635612729895124,0.0,-38.70074884307951,-0.022646972492963702,566.5055216659657,0.2154427500547124,11631.587651598677,-1631.5876515986765,-0.14027213657066212,14.969253031973539,-7.269253031973539,-0.48561227580606703,257.12722047501836,0.4205750582103161,-15.684674751929439,-6122.112477949283,-0.7856635710106413,-13170.616980088496,-0.8047244580912335,9131.360533664289,868.6394663357114,17.980154359292584,-10.280154359292585,-0.5717500614214444,837.4353596003907,31.062448491445593,0.03709235361911162,12.0,0.0,0.0,1701.6239516754576,-31.453951675457574,-0.018484666747013816,2623.479793670493,572.5202063295069,0.21822931806480494,4,60,0.0,0.0,0.0,0.0,0.0,0.0,0.0,0.0,0.0,0,1
21732,4.0,141141,60,28.75,1235955230,1295568118,761359097,10.0,5.0,8526.0,D1,317.4779038162094,-59612888,474596133,200903,3,2,0,201101,1,21,4,199402,2,16,2,0.570990284642918,31.556349371728345,0.4844042952104994,0.5,0.9027957417172421,28.491772557120697,26.771088034164766,0.17164179104477612,17336250.0,"(9000.0, 11000.0]_(17.5, 31.3]","(16400.0, 6780700.0]_(17.5, 31.3]",288937.5,337.8151260504202,9732.522096183791,31.556349371728345,603000,85686300.0,1524.0,1.1786091239591885,-7550.0,9127.48973471602,0.09027313874996915,1725.0,-31.25,0.4713114754098361,245122.5,0.003371643016301161,506000.0,0.0016334299187546163,19048.674228972563,5.2045558002657275,2706816.607937001,-8208.522096183791,0.03723207503415145,5587611.107165285,-17282.52209618379,0.018037492404761626,511560.0,0.0070364723818459015,0.0034088972217487645,-9074.0,14909.64738018376,-4859.64738018376,12.281859945368762,16.468140054631238,1.3408506633265296,-135.65695070282663,-0.2993743459589197,18.55276881052893,-6240.427116960516,-0.4226091435343115,-14154.711322169456,-0.44575153521510325,11274.377560668137,-1224.3775606681374,-0.1085982400429367,15.446722344784115,13.303277655215885,0.861236277721273,-322.99418447919663,-0.5043064176907917,34.392688307595336,1516.328821304759,0.21631953663010536,892.2621082621081,0.053404124127619856,14051.973684210527,-4001.9736842105267,12.596842105263159,16.153157894736843,1.2823180412801871,421.4712849868431,-103.99338117063371,-0.24673894729003906,41.68421052631579,18.315789473684212,0.43939393939393945,14744.713157894737,-6218.713157894737,-0.4217588427323906,28962.53298153034,-11362.532981530341,-0.3923183441440128,20,14,0.0,0.0,0.0,0.0,0.0,0.0,0.0,0.0,0.0,0,1
14078,1.0,221373,60,12.8,1149206873,1193272402,724465193,22.0,10.0,12641.0,B1,361.2806139535019,-44065529,424741680,200606,6,2,4,200710,10,25,3,199212,12,16,2,0.60875539101561,44.02664505268602,0.4824625014312431,0.45454545454545453,0.850040749796251,37.426788731621926,34.89284138626984,0.048150470219435734,12249600.0,"(11000.0, 33050.0]_(11.45, 17.5]","(16400.0, 6780700.0]_(11.45, 17.5]",204160.0,1155.7971014492753,15588.719386046498,44.02664505268602,957000,201623950.0,3309.0,1.2616674576807467,-10250.0,4624.391858604825,0.03533172769118377,768.0,-47.2,0.2098360655737705,161804.80000000002,0.0010124980224648,335360.0,0.0004885309721003016,21676.836837210114,5.922633015631179,4566948.240986218,-12279.719386046498,0.028577805248655427,9465552.08558175,-25838.719386046498,0.013788810119976411,758460.0,0.004746084480303749,0.0022899889317201634,-13559.0,14137.877614252517,1812.1223857474833,12.546214175058095,0.2537858249419056,0.020228080072667055,-67.09266942705955,-0.15662197440883646,18.446165762974438,-1094.9213787761419,-0.07971226309346409,-3319.7547683923694,-0.1124587515864774,11116.625039025914,4833.374960974086,0.4347879814247659,15.393974399000937,-2.5939743990009365,-0.16850582778475223,-264.81553821831045,-0.4229630501636435,33.95816422104277,5446.808382766157,0.757111941488771,11294.152595372108,0.7576994644306876,14619.449901768174,1330.5500982318263,12.56630648330059,0.23369351669941096,0.018596834082470225,445.3692541509338,-84.08864019743186,-0.18880656761486855,41.23379174852652,18.76620825147348,0.455117209834191,15329.499017681728,-2688.499017681728,-0.17538074888035762,31180.11811023622,-4980.118110236221,-0.159720950787588,8,22,0.0,0.0,0.0,0.0,0.0,0.0,0.0,0.0,0.0,1,0
30613,10.0,601205,12,23.3,1149638400,1152748800,1080086400,4.0,4.0,1541.73,A5,847.9904759640557,-3110400,69552000,200606,6,7,2,200607,7,13,3,200403,3,24,2,4.426955238563699,10.60082563326781,0.7583521888834235,1.0,0.05446839240084435,0.5774740870246898,1.81595676706422,0.03106666666666667,2516400.0,"(999.999, 9000.0]_(17.5, 31.3]","(101.999, 2788.0]_(17.5, 31.3]",209700.0,370.3703703703704,8152.009524035944,10.60082563326781,108000,13875570.0,7458.27,5.833814082827196,6968.0,19758.178089962497,0.027444359695015554,279.6,11.3,1.7923076923076924,35922.309,0.015103096458874851,47345.6,0.011460895228726021,10175.885711568668,65.23003661261967,1307372.3565080636,-693.7395240359443,0.5496687534202717,1723116.6471589613,-1184.0095240359442,0.417112875535689,18500.760000000002,0.007778418777102928,0.005902606984751598,-490.27,9371.924746743849,-371.924746743849,18.251429088277856,5.048570911722145,0.27661236209523093,-12.57541560552363,-0.014612960760723888,0.0,-285.6268270622286,-0.15630599499355574,-795.6049204052097,-0.28137060968588057,12135.82902683519,-3135.8290268351902,-0.2583942983953655,15.252801818068614,8.047198181931387,0.5275881951339982,197.31625821480645,0.30324892677835646,-14.899694913143641,-7190.640831206027,-0.8234465725515837,-16379.915440259418,-0.8896366862756258,9131.360533664289,-131.3605336642886,17.980154359292584,5.319845640707417,0.2958731907636816,837.4353596003907,10.555116363664979,0.012604096832860859,12.0,0.0,0.0,1701.6239516754576,-159.89395167545763,-0.09396550366961068,2623.479793670493,-591.4797936704931,-0.22545620328295254,6,60,0.0,0.0,0.0,0.0,0.0,0.0,0.0,0.0,0.0,0,1
17356,10.0,602701,12,24.6,1183593600,1119484800,1055376000,2.0,1.0,868.98,B3,853.6518089036263,64108800,128217600,200707,7,5,3,200506,6,23,3,200306,6,12,3,9.6051227321238,10.530604283802404,0.9274066168623266,0.5,0.0074458393511832,0.07841789990004855,1.0167649456154015,0.0328,2656800.0,"(999.999, 9000.0]_(17.5, 31.3]","(101.999, 2788.0]_(17.5, 31.3]",221400.0,351.5625,8146.348191096374,10.530604283802404,108000,7820820.0,8131.02,10.345065403802385,8064.0,20999.834499029206,0.028783651709059905,295.20000000000005,12.600000000000001,1.8923076923076925,21376.908000000003,0.028276512103726524,23025.600000000002,0.02625400213447172,10243.821706843515,65.66552376181741,741806.3489010732,-15.328191096373757,0.9812315327980256,799018.0931337941,-82.34819109637374,0.911047821668758,10427.76,0.013793420538403182,0.012806830309498399,-67.01999999999998,9112.063525452251,-112.06352545225127,17.910961821623893,6.689038178376109,0.37346057933641713,18.26506622431566,0.021864204075988405,0.0,-839.8907488430796,-0.4914887503409447,-1693.4944783340343,-0.6440380431629503,12135.82902683519,-3135.8290268351902,-0.2583942983953655,15.252801818068614,9.347198181931388,0.6128184377809596,202.97759115437702,0.3119496448722034,-14.899694913143641,-7863.390831206027,-0.900487505993835,-17475.915440259418,-0.9491633554891662,9131.360533664289,-131.3605336642886,17.980154359292584,6.6198456407074175,0.3681751284457755,837.4353596003907,16.21644930323555,0.01936441913674836,12.0,0.0,0.0,1701.6239516754576,-832.6439516754576,-0.489323126214589,2623.479793670493,-1687.479793670493,-0.643221951905927,10,60,0.0,0.0,0.0,0.0,0.0,0.0,0.0,0.0,0.0,0,1
45357,0.0,602407,12,28.6,1144368000,1125273600,1038614400,3.0,2.0,1856.62,B4,967.9977565159764,19094400,105753600,200604,4,7,4,200508,8,29,0,200211,11,30,5,2.698327037236913,10.319941333976788,0.5009767943874798,0.6666666666666666,0.18481951804819519,1.9075173162896015,1.9160209479487982,0.03432,3432000.0,"(9000.0, 11000.0]_(17.5, 31.3]","(2788.0, 16400.0]_(17.5, 31.3]",286000.0,337.8378378378378,9032.002243484023,10.319941333976788,120000,18566200.0,8143.38,5.38323230800702,6295.0,27684.73583635693,0.02951503221517361,343.20000000000005,16.6,2.2,53099.332,0.015396044400900078,105963.0,0.0077172153264975715,11615.973078191717,74.46136588584434,1797203.9947026921,-888.6222434840234,0.5210956796955117,3586431.687891693,-2737.0022434840234,0.26119745183917337,22279.44,0.006459878769608424,0.0032379924446842958,-1848.38,9051.112288135593,948.8877118644068,18.09610699152542,10.50389300847458,0.5804504257956506,137.45924101658784,0.16550616070337923,0.0,281.30144332627106,0.17856797416278555,1257.7174258474574,0.5139240720017737,11629.972183588317,-1629.9721835883174,-0.14015271557471645,15.004061196105702,13.595938803894299,0.906150583244963,360.52672335001523,0.5934879256234745,-15.888734353268429,-6057.976954102921,-0.7654182505102134,-12710.314349525404,-0.7742961285351737,9131.360533664289,868.6394663357114,17.980154359292584,10.619845640707418,0.5906426290060642,837.4353596003907,130.56239691558574,0.15590743263801016,12.0,0.0,0.0,1701.6239516754576,154.99604832454224,0.09108713365954306,2623.479793670493,1081.520206329507,0.41224644037237246,11,60,0.0,0.0,0.0,0.0,0.0,0.0,0.0,0.0,0.0,0,1
33722,4.0,602008,12,19.75,1182556800,1124841600,1078099200,1.0,1.0,736.98,A2,740.1191860102113,57715200,104457600,200706,6,23,5,200508,8,24,2,200403,3,1,0,5.6777856635912,10.794485085547056,0.5230518097941803,1.0,0.08386701662292213,0.9054144227629732,0.9944149522933087,0.029625,1896000.0,"(999.999, 9000.0]_(17.5, 31.3]","(101.999, 2788.0]_(17.5, 31.3]",158000.0,385.5421686746988,7259.880813989788,10.794485085547056,96000,5895840.0,7263.02,10.840402178920838,6592.0,14617.353923701672,0.026648885054944296,237.0,7.75,1.5192307692307692,14555.355,0.026762242879210817,27808.0,0.014017033356990774,8881.430232122535,56.93224507770856,545453.0377058055,3.1391860102112332,1.0028987045857765,1042087.8139023774,-667.8808139897887,0.5252797629596957,8843.76,0.016260603268381257,0.008516678495386799,-671.02,9112.063525452251,-1112.0635254522513,17.910961821623893,1.8390381783761072,0.10267668462984704,-95.26755666909935,-0.11404006288578461,0.0,-971.8907488430796,-0.5687327432464147,-1221.4944783340343,-0.4645358598006774,11274.377560668137,-3274.3775606681374,-0.290426459735671,15.446722344784115,4.303277655215885,0.27858839947809183,99.64709771480523,0.15558382564338202,-13.607311692404664,-6272.6911786952405,-0.8948624006444222,-15299.737891737892,-0.9157276700697904,9131.360533664289,-1131.3605336642886,17.980154359292584,1.7698456407074161,0.0984332840164254,837.4353596003907,-97.31617359017946,-0.11620738541135522,12.0,0.0,0.0,1701.6239516754576,-964.6439516754576,-0.5668960822546293,2623.479793670493,-1215.479793670493,-0.4633082353456679,3,60,0.0,0.0,0.0,0.0,0.0,0.0,0.0,0.0,0.0,0,1
44473,10.0,311685,36,23.85,1191370134,1256173115,824518044,19.0,9.0,6109.0,C2,601.0160105153163,-64802981,366852090,200710,10,3,2,200910,10,22,3,199602,2,17,5,1.030132205892222,25.497660746365597,0.40997248506811623,0.47368421052631576,0.5726662758126506,14.602601669140062,10.147570651436315,0.05593485342019544,13179510.0,"(11000.0, 33050.0]_(17.5, 31.3]","(2788.0, 16400.0]_(17.5, 31.3]",366097.5,617.7062374245472,14748.983989484685,25.497660746365597,552600,93773150.0,9241.0,2.5122749590834696,450.0,14334.231850790295,0.03961688656682864,858.6,-12.149999999999999,0.6445945945945947,145699.65,0.003903436988543372,355365.0,0.0016005637205556676,21636.57637855139,16.243675959873414,3671606.8082380677,-5507.983989484684,0.09836595916780955,8955138.556678213,-14298.983989484685,0.04033393802532154,219924.0,0.005891980360065467,0.0024159452385745924,-8791.0,14137.877614252517,1212.1223857474833,12.546214175058095,11.303785824941906,0.9009718523228992,172.64272713475486,0.4030193614604607,-5.553834237025562,-7626.921378776142,-0.5552537153103372,-14619.75476839237,-0.4952532594900196,12135.82902683519,3214.1709731648098,0.26484972440345994,15.252801818068614,8.597198181931388,0.5636471439461742,-49.6582072339329,-0.07631808035318485,9.100305086856359,-2623.370831206026,-0.3004190822761604,-3511.9154402594177,-0.19074144956044486,13298.532863849765,2051.467136150235,12.68855633802817,11.161443661971832,0.8796464597410887,407.07614330225897,193.93986721305737,0.47642159926098804,41.070422535211264,-5.070422535211264,-0.12345679012345673,12937.718896713615,-6828.718896713615,-0.5278147524482246,28714.537963507944,-13814.537963507944,-0.4810990858033042,15,31,0.0,0.0,0.0,0.0,0.0,0.0,0.0,0.0,0.0,1,0
33356,10.0,181235,36,11.05,1125621483,1125620099,700704449,24.0,12.0,15174.0,A4,427.5493248109101,1384,424917034,200509,9,2,4,200509,9,2,4,199203,3,16,0,0.42368754261225283,30.451570553186812,0.4926463426512126,0.5,1.197302888667535,36.46254723862813,35.40782617425722,0.030482758620689655,5191290.0,"(11000.0, 33050.0]_(5.249, 11.45]","(16400.0, 6780700.0]_(5.249, 11.45]",144202.5,1082.98755186722,12622.45067518909,30.451570553186812,469800,198020700.0,-2124.0,0.8599670510708401,-17750.0,4724.420039160557,0.02578466318871374,397.8,-24.95,0.29864864864864865,167672.7,0.000728171334431631,340340.0,0.00035875458589006853,15391.775693192763,11.555387157051625,6487633.45468075,-14746.45067518909,0.028174584831031968,13168519.204176031,-30372.45067518909,0.013881020902272981,546264.0,0.002372322899505766,0.0011687932209993182,-15626.0,14909.64738018376,-1859.64738018376,12.281859945368762,-1.231859945368761,-0.10029913635623815,-25.585529708125932,-0.05646338932652353,-5.4472311894710685,407.5728830394837,0.027601320198259137,-954.7113221694563,-0.030065186626430686,12135.82902683519,914.1709731648098,0.07532826732672003,15.252801818068614,-4.202801818068613,-0.27554293750082914,-223.12489293833914,-0.34291337639003383,9.100305086856359,6441.629168793974,0.7376724251991393,12388.084559740582,0.6728297552710267,14146.59090909091,-1096.59090909091,12.582023548740416,-1.5320235487404155,-0.12176288995213222,435.8429359162352,-8.293611105325112,-0.019028898765767913,40.73822562979189,-4.738225629791891,-0.11630908211001767,14078.390197152245,1095.6098028477554,0.07782209382642155,33505.846829536094,-2705.8468295360944,-0.08075745237248666,5,18,73349.61,814.9956666666667,1745.5516373425698,90.0,1.25,7660.0,84.0,0.9333333333333333,1.0527570967870366,0,1
18122,8.0,361785,36,14.55,1143939162,1211330700,758680231,22.0,12.0,4132.0,B2,380.6213100836549,-67391538,385258931,200604,4,2,6,200805,5,21,2,199401,1,16,6,0.9692132269099202,28.955406074094075,0.3624243487413385,0.5454545454545454,0.6576780381865894,19.045058040408662,10.827487592593368,0.0474027149321267,5787990.0,"(11000.0, 33050.0]_(11.45, 17.5]","(2788.0, 16400.0]_(11.45, 17.5]",160777.5,710.6109324758842,10669.378689916344,28.955406074094075,397800,45658600.0,6918.0,2.673602709895959,-350.0,5538.040061717179,0.03812680166317365,523.8000000000001,-21.45,0.3932432432432433,60120.600000000006,0.003520445197193322,165870.0,0.001276203841768266,13702.367163011577,10.287062434693377,1572727.2532656621,-3751.378689916345,0.09209322769989231,4339082.934953666,-11019.378689916344,0.033384905717362946,148752.0,0.008710379869344302,0.0031576177528286993,-7268.0,14137.877614252517,-3087.8776142525167,12.546214175058095,2.0037858249419056,0.159712387895102,-47.751973296906556,-0.11147280922859118,-5.553834237025562,-9603.921378776142,-0.6991829025474403,-18119.75476839237,-0.6138179300796123,11332.349766102914,-282.34976610291415,-0.02491537694569513,15.799424253328535,-1.2494242533285345,-0.07908036604975101,-290.56460524565324,-0.432912250703431,11.693414897445123,-2722.3328787333576,-0.3971696337042256,-2156.173285198556,-0.15905471550388012,15445.29109589041,-4395.29109589041,12.045291095890411,2.50470890410959,0.20794091933271264,463.9424658934224,-83.3211558097675,-0.17959372537565502,42.04109589041096,-6.041095890410958,-0.14369501466275658,15276.44691780822,-11144.44691780822,-0.7295182562914416,34296.56357388316,-22896.563573883162,-0.6676051822089516,9,36,26420.71,978.5448148148148,2088.44884692217,27.0,24.77,7157.03,24.0,0.8888888888888888,0.7426882728449622,0,1
29590,10.0,602003,12,15.5,1133568000,1161129600,1073865600,3.0,2.0,1543.28,A1,723.9553310707466,-27561600,59702400,200512,12,3,5,200610,10,18,2,200401,1,12,0,3.8443056222969725,11.035162660551977,0.741604997597309,0.6666666666666666,0.06708161479815024,0.7403490628964322,2.128793228847082,0.02325,1488000.0,"(999.999, 9000.0]_(11.45, 17.5]","(101.999, 2788.0]_(11.45, 17.5]",124000.0,484.8484848484849,7276.044668929253,11.035162660551977,96000,12346240.0,6456.72,5.18040769808584,5920.0,11221.307631596574,0.021380627654819455,186.0,3.5,1.1923076923076923,23920.84,0.010037039915041315,32240.0,0.007448342143200384,8687.46397284896,55.68887162082667,1117265.7833348617,-819.3246689292533,0.4687979712686473,1505827.088627153,-1356.0446689292535,0.3478881936908922,18519.36,0.007770611547128759,0.005766458433445459,-536.72,9112.063525452251,-1112.0635254522513,17.910961821623893,-2.410961821623893,-0.13460817155632257,-111.43141160856396,-0.13338901123948096,0.0,-165.5907488430796,-0.09690068658216895,-549.4944783340343,-0.20897342925100068,12135.82902683519,-4135.82902683519,-0.34079493190699156,15.252801818068614,0.24719818193138643,0.01620673925223057,73.2811133214974,0.11262335485642032,-14.899694913143641,-7189.090831206026,-0.8232690720731958,-16331.915440259418,-0.8870296788648138,9131.360533664289,-1131.3605336642886,17.980154359292584,-2.480154359292584,-0.13793843532888134,837.4353596003907,-113.48002852964407,-0.13550900046039938,12.0,0.0,0.0,1701.6239516754576,-158.34395167545767,-0.09305460911004962,2623.479793670493,-543.4797936704931,-0.20715989312428215,2,60,0.0,0.0,0.0,0.0,0.0,0.0,0.0,0.0,0.0,0,1
16157,10.0,601306,12,27.85,1144108800,1123718400,1091404800,1.0,1.0,804.1,A2,867.8935458343882,20390400,52704000,200604,4,4,1,200508,8,11,3,200408,8,2,0,7.512520868113523,10.358000750664347,0.6712020033388982,1.0,0.0436507054771692,0.45218427721511356,0.9254298226232447,0.03713333333333334,3007800.0,"(999.999, 9000.0]_(17.5, 31.3]","(101.999, 2788.0]_(17.5, 31.3]",250650.0,311.9584055459272,8132.1064541656115,10.358000750664347,108000,7236900.0,8195.9,11.1787355607999,7803.0,24170.83525148771,0.03205225787844468,334.20000000000005,15.850000000000001,2.1423076923076922,22394.185,0.0345919761520308,33336.450000000004,0.023247078464106848,10414.722550012659,66.76104198726063,697873.2002054316,63.79354583438817,1.0779947159786214,1038868.5743637626,-329.1064541656118,0.7244520415979868,9649.2,0.0149049807477332,0.01001669449081803,-392.9,9112.063525452251,-112.06352545225127,17.910961821623893,9.939038178376109,0.5549137046552527,32.50680315507759,0.03891228037785171,0.0,-904.7707488430796,-0.5294553432175121,-1432.4944783340343,-0.5447794205833884,12135.82902683519,-3135.8290268351902,-0.2583942983953655,15.252801818068614,12.597198181931388,0.8258940443983628,217.21932808513895,0.33383730622756735,-14.899694913143641,-7928.270831206026,-0.9079173324698413,-17214.915440259418,-0.934987752692876,9131.360533664289,-131.3605336642886,17.980154359292584,9.869845640707418,0.5489299726510101,837.4353596003907,30.45818623399748,0.03637079075396528,12.0,0.0,0.0,1701.6239516754576,-897.5239516754576,-0.5274514094560876,2623.479793670493,-1426.479793670493,-0.5437357654181566,3,60,0.0,0.0,0.0,0.0,0.0,0.0,0.0,0.0,0.0,0,1
5991,10.0,602510,12,29.35,1167955200,1118188800,1036368000,5.0,2.0,1544.44,A5,777.3414243807583,49766400,131587200,200701,1,5,4,200506,6,8,2,200211,11,4,0,2.7768136063866713,10.278265744836503,0.5360777507809789,0.4,0.1669241344831896,1.71590507477173,1.9842705933694111,0.04402500000000001,2817600.0,"(999.999, 9000.0]_(17.5, 31.3]","(2788.0, 16400.0]_(17.5, 31.3]",234800.0,263.59143327841844,7222.658575619242,10.278265744836503,96000,12355520.0,6455.5599999999995,5.17651930841702,5120.0,22814.970805575256,0.037708387451368924,352.20000000000005,17.35,2.2576923076923077,45329.314000000006,0.018991355212754944,84528.0,0.0101874349184311,9328.0970925691,59.795494183135254,1200557.1894706185,-767.0985756192417,0.502990361567423,2238743.302216584,-2102.6585756192417,0.2698165305035607,18533.28,0.0077647789626255305,0.004165220409580007,-1335.56,9051.112288135593,-1051.1122881355932,18.09610699152542,11.25389300847458,0.6218958040944876,-53.19709111863028,-0.06405132347973505,0.0,-30.87855667372878,-0.019601468250922262,432.71742584745743,0.17681547297303868,12135.82902683519,-4135.82902683519,-0.34079493190699156,15.252801818068614,14.097198181931388,0.9242366320679335,126.66720663150909,0.19467070182934912,-14.899694913143641,-7187.930831206026,-0.8231362330054989,-15531.915440259418,-0.8435795553512806,9131.360533664289,-1131.3605336642886,17.980154359292584,11.369845640707418,0.6323552853611183,837.4353596003907,-60.093935219632385,-0.07175949108276028,12.0,0.0,0.0,1701.6239516754576,-157.1839516754576,-0.09237290737515225,2623.479793670493,256.5202063295069,0.09777860952022473,6,60,0.0,0.0,0.0,0.0,0.0,0.0,0.0,0.0,0.0,0,1
3350,10.0,602103,12,7.0,1169856000,1099872000,1072224000,8.0,4.0,3347.84,C1,778.7407148832403,69984000,97632000,200701,1,27,5,200411,11,8,0,200312,12,24,2,2.187120291616039,11.542298392546648,0.8135698663426488,0.5,0.08511943117431395,0.9825830373815043,4.293529805611486,0.009333333333333334,756000.0,"(999.999, 9000.0]_(5.249, 11.45]","(2788.0, 16400.0]_(5.249, 11.45]",63000.0,1125.0,8221.25928511676,11.542298392546648,108000,30130560.0,5652.16,2.687497760418533,4886.0,5451.185004182682,0.00897734319420295,84.0,-5.0,0.5384615384615384,23434.88,0.002090276035881081,28798.0,0.001701093560145808,9344.888578598884,59.90313191409541,2607099.3149147076,-2569.09928511676,0.2325404363550484,3203739.301029651,-3335.2592851167597,0.18924440215874613,40174.08,0.0035833303472247104,0.0029161603888213854,-766.1599999999999,9112.063525452251,-112.06352545225127,17.910961821623893,-10.910961821623893,-0.6091778839286618,-56.64602779607026,-0.0678081478937422,0.0,1638.9692511569206,0.959094918247338,1484.5055216659657,0.5645592846448958,12135.82902683519,-3135.8290268351902,-0.2583942983953655,15.252801818068614,-8.252801818068614,-0.5410679242086701,128.0664971339911,0.19682122580019634,-14.899694913143641,-5384.530831206026,-0.6166172893120675,-14297.915440259418,-0.7765577398316558,9131.360533664289,-131.3605336642886,17.980154359292584,-10.980154359292584,-0.6106818740194948,837.4353596003907,-58.69464471715037,-0.07008856748675911,12.0,0.0,0.0,1701.6239516754576,1646.2160483245425,0.9674382208264292,2623.479793670493,1490.520206329507,0.5681462498493766,14,60,0.0,0.0,0.0,0.0,0.0,0.0,0.0,0.0,0.0,0,1
22696,9.0,451947,60,17.45,1146529822,1146531009,800669693,29.0,16.0,15265.0,B4,260.98986052744146,-1187,345860129,200605,5,2,1,200605,5,2,1,199505,5,17,2,0.38093842716384013,39.69619274220224,0.5591370279476943,0.5517241379310345,1.1571002788193443,45.93689227426962,58.26561367401128,0.10067307692307692,10888800.0,"(9000.0, 11000.0]_(11.45, 17.5]","(16400.0, 6780700.0]_(11.45, 17.5]",181480.0,563.6856368563685,10139.010139472559,39.69619274220224,624000,158756000.0,-4865.0,0.6812524564391458,-16900.0,4554.273066203853,0.06660563109148357,1047.0,-42.55,0.2860655737704918,266374.25,0.0011430630158522205,476385.0,0.0006391707263470202,15659.391631646487,4.278522303728549,3984010.220951394,-15004.010139472559,0.017096152268272075,7125023.192399152,-27039.010139472557,0.009559717978368612,915900.0,0.0039303026333027645,0.0021977216951760007,-12035.0,14137.877614252517,-3737.8776142525167,12.546214175058095,4.903785824941904,0.3908578122865655,-167.38342285312,-0.39074197515819087,18.446165762974438,1529.0786212238581,0.1113196981155186,-2219.7547683923694,-0.07519556940117685,10858.280381254965,-458.2803812549646,-0.042205613150873345,16.241163621922162,1.2088363780778373,0.07443040450908098,-435.6914179523984,-0.6253812631553385,37.84908657664813,9055.18063542494,1.4582035488957559,14205.199920350458,1.0847970059830523,12719.333333333334,-2319.333333333334,12.6245,4.8255,0.3822329597211771,393.8310576892593,-132.84119716181783,-0.33730503109948284,40.64,19.36,0.4763779527559055,13477.676666666666,1787.3233333333337,0.13261360823069657,30554.697986577183,-3254.6979865771827,-0.10652037824124416,11,45,33616.14,908.5443243243243,1546.1258770616544,37.0,4.06,5471.33,33.0,0.8918918918918919,0.7813510788179941,1,0
3255,3.0,231402,36,18.3,1080865537,1080866483,908498926,22.0,13.0,9794.0,B3,357.5852221919164,-946,172366611,200404,4,2,4,200404,4,2,4,199810,10,16,4,0.5759897082041986,27.469062834742914,0.5727150459037483,0.5909090909090909,0.7416505938483403,20.374515032551443,27.312893543499705,0.06688324873096448,6489180.0,"(9000.0, 11000.0]_(17.5, 31.3]","(16400.0, 6780700.0]_(17.5, 31.3]",180255.0,510.3626943005181,9492.414777808084,27.469062834742914,354600,96470900.0,56.0,1.0056151097498724,-7250.0,6543.809566112071,0.05103389338840562,658.8000000000001,-17.7,0.4945945945945946,179230.2,0.001868300153139357,312930.0,0.0010701128588971405,12873.06799890899,9.664465464646389,3502189.6661476293,-9436.414777808084,0.03650691395527477,6114707.29948177,-16742.414777808084,0.02091019368410715,352584.0,0.003675344563552833,0.0021051400502894568,-7306.0,13886.444585784704,-4036.444585784704,13.221839720146287,5.078160279853714,0.38407365293621404,-66.11004757526166,-0.1560320642984505,-5.689934806805532,-4295.515503259659,-0.30487318760292903,-14690.307101727449,-0.46210019471404207,11631.587651598677,-1781.5876515986765,-0.1531680545221022,14.969253031973539,3.330746968026462,0.22250588996739926,-253.78536542490156,-0.41510888905235305,8.315325248070561,2001.717522050717,0.2568846198421588,733.3830199115037,0.04480968918645386,14217.435515873016,-4367.435515873016,12.754613095238096,5.545386904761905,0.4347749997083222,436.8805745512807,-79.2953523593643,-0.1815034977025665,41.095238095238095,-5.095238095238095,-0.12398609501738123,13973.134424603175,-4179.134424603175,-0.29908353398824894,31860.969515242377,-14760.969515242377,-0.46329316840721646,10,23,32539.56,664.0726530612245,1066.2546031119386,49.0,0.0,3588.0,43.0,0.8775510204081632,0.7568065649217718,0,1
18573,10.0,141136,36,16.2,1065141166,1083285948,629772268,18.0,12.0,6811.0,B2,253.8421434366622,-18144782,435368898,200310,10,3,4,200404,4,30,4,198912,12,16,5,0.49996528018887576,28.252783872026523,0.4729532671342268,0.6666666666666666,1.0538814053603667,29.779219000667958,26.72634874338509,0.08099999999999999,4199040.0,"(999.999, 9000.0]_(11.45, 17.5]","(2788.0, 16400.0]_(11.45, 17.5]",116640.0,418.60465116279073,6946.157856563338,28.252783872026523,259200,49039200.0,389.0,1.0569583088667058,-7200.0,4112.242723673928,0.06356876371205968,583.1999999999999,-19.8,0.4378378378378378,110338.2,0.002378156194950088,233280.0,0.0011249218804249704,9138.31716371984,6.860598471261141,1728918.8389471064,-6557.157856563338,0.03726396703415476,3655326.865487936,-14146.157856563337,0.017626702550979947,245196.0,0.005284791544333529,0.002499826400944379,-7589.0,13886.444585784704,-6686.444585784704,13.221839720146287,2.9781602798537126,0.22524552882877952,-169.85312633051583,-0.40088511354835443,-5.689934806805532,-7278.515503259659,-0.5165909006293189,-17390.30710172745,-0.5470317429170881,12135.82902683519,-4935.82902683519,-0.4067154387162924,15.252801818068614,0.9471981819313857,0.062099946831363516,-396.832074312587,-0.6098782823841876,9.100305086856359,-1921.3708312060262,-0.2200285430320721,-4011.9154402594177,-0.2178977767564031,14051.973684210527,-6851.973684210527,12.596842105263159,3.6031578947368406,0.28603660065179226,421.4712849868431,-167.6291415501809,-0.39772375372005164,41.68421052631579,-5.684210526315788,-0.13636363636363633,14744.713157894737,-7933.713157894737,-0.5380717191942661,28962.53298153034,-14562.532981530341,-0.5028059179360105,9,14,0.0,0.0,0.0,0.0,0.0,0.0,0.0,0.0,0.0,0,1
8370,5.0,191312,36,13.3,1165018771,1219451862,779676143,27.0,13.0,3271.0,B1,236.8704257233167,-54433091,385342628,200612,12,2,5,200808,8,23,5,199409,9,16,4,0.5599552035837133,29.42778606762228,0.261659067274618,0.48148148148148145,1.318240251392658,38.79843394544086,13.751184032456068,0.0684,3351600.0,"(999.999, 9000.0]_(11.45, 17.5]","(2788.0, 16400.0]_(11.45, 17.5]",93100.0,489.5104895104895,6763.129574276683,29.42778606762228,252000,22897000.0,3729.0,2.139364303178484,-5500.0,3150.3766621201125,0.05591279352848234,478.8,-22.7,0.35945945945945945,43504.3,0.00406479217603912,166250.0,0.0010639148868090552,8527.335326039401,6.401903397927478,774803.162540969,-3034.1295742766833,0.07239316189587919,2960880.321541459,-12263.129574276683,0.018948118208408665,117756.0,0.011002444987775062,0.0028797696184305254,-9229.0,14909.64738018376,-7909.64738018376,12.281859945368762,1.018140054631239,0.08289787207801198,-216.2644287957193,-0.47726284270333946,-5.4472311894710685,-11495.427116960516,-0.7784839911448197,-19254.711322169456,-0.6063576244425449,11480.70953436807,-4480.70953436807,-0.39028158677430563,15.355812480202726,-2.055812480202725,-0.1338784569590931,-402.7644977805416,-0.6296787166876953,9.715552739942982,-4204.192210959772,-0.5624192786368469,-3826.5635324015257,-0.23437654377220093,15004.768786127168,-8004.768786127168,12.826878612716763,0.4731213872832374,0.03688515355670222,452.0104656674547,-215.14003994413798,-0.4759625192006441,42.346820809248555,-6.346820809248555,-0.1498771498771499,15687.966763005781,-12416.966763005781,-0.7914962436232696,31135.89001447178,-18635.89001447178,-0.59853403920074,8,19,43474.06,621.058,1138.7009041868466,70.0,0.97,4302.75,64.0,0.9142857142857143,0.0,0,0
39635,3.0,171204,60,12.75,1143937997,1299458364,795398750,22.0,7.0,299.0,B1,360.87354263693004,-155520367,348539247,200604,4,2,6,201103,3,7,0,199503,3,17,4,4.982817869415808,44.07617059753587,0.09340830990315527,0.3181818181818182,0.18186947526800828,8.016612595827684,0.8262554864365659,0.04796238244514107,12201750.0,"(11000.0, 33050.0]_(11.45, 17.5]","(2788.0, 16400.0]_(11.45, 17.5]",203362.5,1160.0,15589.12645736307,44.07617059753587,957000,4769050.0,15651.0,53.166666666666664,12750.0,4601.137668620858,0.035233302515271625,765.0,-47.25,0.20901639344262296,3812.25,0.0425,40800.0,0.003983130271790066,21652.4125582158,5.9159597153595085,107901.18924844208,61.87354263693004,1.2029118087897668,1154795.3364381762,-2839.12645736307,0.11273775152668855,17940.0,0.2,0.01874414245548266,-2901.0,14909.64738018376,1040.35261981624,12.281859945368762,0.4681400546312382,0.03811638112741745,-92.26131188210599,-0.20360674303024756,18.55276881052893,-14467.427116960516,-0.9797513645222565,-28554.711322169456,-0.8992275518572915,11631.587651598677,4318.4123484013235,0.3712659421697939,14.969253031973539,-2.2192530319735386,-0.14825409305550055,-250.4970449798879,-0.4097302847955931,32.315325248070565,-7493.282477949283,-0.9616287011095768,-13166.616980088496,-0.8044800581639384,14340.068027210884,1609.9319727891161,12.672925170068028,0.07707482993197168,0.006081849998926328,427.52391368540515,-66.65037104847511,-0.1558985799739848,42.563265306122446,17.436734693877554,0.4096662830840047,13949.059863945578,-13650.059863945578,-0.9785648636598921,31142.407660738714,-27942.407660738714,-0.8972462233857966,8,17,0.0,0.0,0.0,0.0,0.0,0.0,0.0,0.0,0.0,1,0
38281,10.0,281584,36,11.4,1175559939,1175559196,698287965,28.0,15.0,10891.0,A5,342.45606087132126,743,477271974,200704,4,3,1,200704,4,3,1,199202,2,17,0,0.5122900349736467,30.2804381253777,0.5364760356632678,0.5357142857142857,0.9046245553312181,27.395061761699882,31.710024194566206,0.039461538461538465,4268160.0,"(9000.0, 11000.0]_(5.249, 11.45]","(16400.0, 6780700.0]_(5.249, 11.45]",118560.0,838.7096774193548,10057.543939128678,30.2804381253777,374400,113266400.0,-491.0,0.9548292324641939,-9900.0,3903.9990939330623,0.03319201871435633,410.40000000000003,-24.6,0.3081081081081081,124157.40000000001,0.001046639735585751,231420.0,0.0005615486921826511,12328.418191367566,9.255569212738413,3729688.95894956,-10548.543939128678,0.03144106324562259,6951858.035687822,-19957.543939128678,0.01686892571160639,392076.0,0.0033051781123760557,0.0017733116595241613,-9409.0,14909.64738018376,-4509.64738018376,12.281859945368762,-0.8818599453687614,-0.0718018239331326,-110.67879364771477,-0.24425133609550045,-5.4472311894710685,-3875.4271169605163,-0.2624485318123606,-11454.711322169456,-0.36072478209469294,12135.82902683519,-1735.8290268351902,-0.14303341147908902,15.252801818068614,-3.852801818068613,-0.25259633371126267,-308.218156877928,-0.473690440577294,9.100305086856359,2158.629168793974,0.24719852266006503,1888.0845597405823,0.10254688415590398,14686.438923395444,-4286.438923395444,12.571325051759834,-1.1713250517598333,-0.09317435090868659,444.24741000022766,-101.7913491289064,-0.22913211610812598,41.81366459627329,-5.813664596273291,-0.13903743315508021,15423.08281573499,-4532.08281573499,-0.2938506438616314,28313.333333333332,-8013.333333333332,-0.28302331057216856,6,28,53636.47,879.286393442623,1820.7266509940778,61.0,3.45,6741.6,55.0,0.9016393442622951,0.7022554364499339,0,1
45753,5.0,601106,12,12.9,1158019200,1116460800,1065571200,1.0,1.0,818.57,B4,803.4332940547511,41558400,92448000,200609,9,12,1,200505,5,19,3,200310,10,8,2,7.569386038687973,11.188000380535524,0.6884524810765349,1.0,0.04104321742028663,0.45924255339791537,1.0175734968327739,0.0172,1393200.0,"(999.999, 9000.0]_(11.45, 17.5]","(101.999, 2788.0]_(11.45, 17.5]",116100.0,647.4820143884892,8196.56670594525,11.188000380535524,108000,7367130.0,8181.43,10.9813682784875,7812.0,10364.289493306289,0.016036133878767584,154.8,0.9000000000000004,0.9923076923076923,10559.553000000002,0.015739961199165417,15325.2,0.010849453322119429,9641.199528657013,61.8025610811347,657666.3915143976,-15.136705945248991,0.9803107654681735,954478.7533370443,-384.56670594524894,0.6757218621150135,9822.84,0.014641824371316664,0.010092514718250631,-369.42999999999995,9112.063525452251,-112.06352545225127,17.910961821623893,-5.0109618216238925,-0.27977067181139104,-31.95344862455954,-0.0382498871385919,0.0,-890.3007488430795,-0.5209877630861321,-1441.4944783340343,-0.5482021317068215,11480.70953436807,-2480.7095343680703,-0.2160763258526787,15.355812480202726,-2.4558124802027255,-0.1599272251708497,163.79837055089274,0.2560810308067938,-14.284447260057018,-6656.622210959772,-0.8904951234832662,-15138.563532401526,-0.92723514672011,9131.360533664289,-131.3605336642886,17.980154359292584,-5.0801543592925835,-0.28254231069306895,837.4353596003907,-34.00206554563965,-0.040602615062570124,12.0,0.0,0.0,1701.6239516754576,-883.0539516754576,-0.5189477679871528,2623.479793670493,-1435.479793670493,-0.5471663235729073,11,60,0.0,0.0,0.0,0.0,0.0,0.0,0.0,0.0,0.0,0,1
11673,4.0,201322,36,8.2,1165020873,1165021179,800669076,18.0,8.0,16478.0,A3,482.4307194318334,-306,364351797,200612,12,2,5,200612,12,2,5,199505,5,17,2,0.6976955592927594,31.75222298252075,0.7489659560929048,0.4444444444444444,0.3597159794150218,11.422526078793458,34.08554594827211,0.01923127035830619,4531319.999999999,"(11000.0, 33050.0]_(5.249, 11.45]","(16400.0, 6780700.0]_(5.249, 11.45]",125869.99999999999,1668.4782608695652,14867.569280568167,31.75222298252075,552600,252937300.0,-1128.0,0.9314885611991018,-6650.0,3955.9318993410334,0.016962099573724437,295.2,-27.8,0.2216216216216216,135119.59999999998,0.0004976030098913769,180399.99999999997,0.00037271033134857504,17367.505899546002,13.038668092752253,7949493.394797751,-15995.569280568167,0.029275485128456423,10613475.827500334,-21517.56928056817,0.021927672352703667,593208.0,0.002184598580010923,0.0016362892595791101,-5522.0,14909.64738018376,440.3526198162399,12.281859945368762,-4.0818599453687625,-0.3323486803729551,29.295864912797356,0.06465153722039858,-5.4472311894710685,1711.5728830394837,0.11590975050922064,-9754.711322169456,-0.3071894190188791,11274.377560668137,4075.6224393318626,0.36149423038218126,15.446722344784115,-7.246722344784116,-0.46914304426732395,-158.04136886357264,-0.24675762106073068,10.392688307595336,9468.32882130476,1.3507522079041612,5292.262108262108,0.31675515515952485,13588.0,1762.0,12.654,-4.454000000000001,-0.35198356250987833,412.3371250824233,70.09359434941007,0.16999098573866916,41.49818181818182,-5.49818181818182,-0.1324921135646688,13372.203636363636,3105.796363636364,0.23225763292974627,28122.445255474453,-6122.445255474453,-0.21770671788516072,4,20,36166.42,657.5712727272727,1187.3081783224238,55.0,19.39,5444.5,52.0,0.9454545454545454,1.2563789486625836,0,1
3154,1.0,241459,60,12.5,1162428624,1292027082,598234833,29.0,12.0,4765.0,B1,470.2069089111887,-129598458,564193791,200611,11,2,3,201012,12,11,5,198812,12,16,4,1.2221507514180456,44.35418837192634,0.27863867610081283,0.41379310344827586,0.5901631500885125,26.177459979316335,10.112330506805217,0.03588516746411483,15675000.0,"(11000.0, 33050.0]_(11.45, 17.5]","(16400.0, 6780700.0]_(11.45, 17.5]",261250.0,1548.148148148148,20429.79309108881,44.35418837192634,1254000,99588500.0,16135.0,4.385228703315149,3800.0,5877.586361389858,0.02652762462435786,750.0,-47.5,0.20491803278688525,59562.5,0.0026227444397817876,213750.0,0.0007309514063505058,28212.414534671323,7.7083099821506345,2240535.920961814,-4294.793091088812,0.09865860447150414,8040538.142381326,-16629.79309108881,0.027495872107548606,285900.0,0.01258917331095258,0.003508566750482428,-12335.0,14208.43621399177,6691.56378600823,12.280197922790515,0.21980207720948464,0.017898903469752665,41.00659052592846,0.095541845542435,18.473838918283363,-9300.250636880266,-0.6612218208536028,-14183.234946871311,-0.4533813389490846,11116.625039025914,9783.374960974086,0.8800670101427966,15.393974399000937,-2.8939743990009372,-0.18799397244604713,-155.8892432606237,-0.24898610655866926,33.95816422104277,-2429.1916172338433,-0.33766012173135085,2194.1525953721084,0.14720079548720452,14872.227822580646,6027.772177419354,12.510458669354838,-0.01045866935483808,-0.0008359940775358823,454.264449623415,15.942459287773715,0.035095106608034166,40.99596774193548,19.00403225806452,0.4635585718501034,14495.500504032258,-9730.500504032258,-0.6712773043832115,31734.179786693752,-14634.179786693752,-0.46114882707099025,8,24,85613.62,930.5828260869565,2283.7814913232405,92.0,1.19,10470.17,86.0,0.9347826086956522,0.0,1,0
7788,10.0,601208,12,12.35,1134172800,1140307200,1013990400,4.0,3.0,1833.27,A3,890.126048977601,-6134400,120182400,200512,12,10,5,200602,2,19,6,200202,2,18,0,5.157297576070139,11.221757024691527,0.9454718927282104,0.75,0.01047195280471953,0.11752546131959438,2.0572510500656236,0.014819999999999998,1482000.0,"(9000.0, 11000.0]_(11.45, 17.5]","(101.999, 2788.0]_(11.45, 17.5]",123500.0,749.0636704119851,9109.873951022399,11.221757024691527,120000,18332700.0,8166.73,5.451760100748527,8062.0,10993.056704873372,0.013858869925494035,148.2,0.34999999999999964,0.95,22640.8845,0.00673292372442443,23934.3,0.006369262506446622,10681.512587731213,68.47123453673854,1631841.3818091666,-943.1439510223989,0.48527536784530145,1725064.2829185908,-1047.873951022399,0.4590644914789072,21999.239999999998,0.006542112120898232,0.006188757091284167,-104.73000000000002,9112.063525452251,887.9364745477487,17.910961821623893,-5.560961821623893,-0.31047812378842476,54.739306298290444,0.06552570624083251,0.0,124.3992511569204,0.0727961732864465,-691.4944783340343,-0.26297620475405736,12135.82902683519,-2135.8290268351902,-0.17599366488373944,15.252801818068614,-2.902801818068614,-0.19031269485386793,239.4518312283518,0.3680057157584036,-14.899694913143641,-6899.100831206026,-0.7900604503133764,-16473.915440259418,-0.8947420757884659,9131.360533664289,868.6394663357114,17.980154359292584,-5.630154359292584,-0.3131315920201087,837.4353596003907,52.69068937721033,0.06291911223136482,12.0,0.0,0.0,1701.6239516754576,131.64604832454233,0.0773649478751875,2623.479793670493,-685.4797936704931,-0.2612864773436821,4,60,0.0,0.0,0.0,0.0,0.0,0.0,0.0,0.0,0.0,0,1
9905,7.0,602206,12,7.199999999999999,1191369600,1159747200,1078272000,2.0,1.0,796.56,B1,692.9517874267008,31622400,113097600,200710,10,3,2,200610,10,2,0,200403,3,3,2,9.334889148191365,11.52817839069981,0.9294749124854141,0.5,0.0074290713660792465,0.08565436544289967,1.1478607223619801,0.010799999999999999,691199.9999999999,"(999.999, 9000.0]_(5.249, 11.45]","(101.999, 2788.0]_(5.249, 11.45]",57599.99999999999,975.6097560975611,7307.0482125733,11.52817839069981,96000,6372480.0,7203.4400000000005,10.030593309594263,7144.0,4989.252869472245,0.010375360551629829,86.39999999999999,-4.800000000000001,0.5538461538461538,5735.231999999999,0.009027533978634835,6163.2,0.008401400233372228,8315.42144912041,53.303983648207755,551977.6757926127,-103.60821257329917,0.8688396953542064,593166.7300372559,-163.04821257329922,0.8085785150836649,9558.72,0.015045889964391395,0.014002333722287048,-59.440000000000055,9112.063525452251,-1112.0635254522513,17.910961821623893,-10.710961821623894,-0.598011537755195,-142.43495525260983,-0.17050181428039246,0.0,-912.3107488430796,-0.5338676137213548,-1773.4944783340343,-0.6744621420379118,11165.83147735709,-3165.831477357089,-0.28352850244757855,16.081106161841127,-8.881106161841128,-0.5522696058630042,13.830801796836454,0.02036574055211797,-11.679287305122493,-5810.047182628063,-0.8794297923305419,-12187.907297096053,-0.9343754919056677,9131.360533664289,-1131.3605336642886,17.980154359292584,-10.780154359292585,-0.5995584989914804,837.4353596003907,-144.48357217368994,-0.17253101450437314,12.0,0.0,0.0,1701.6239516754576,-905.0639516754577,-0.5318824707329203,2623.479793670493,-1767.479793670493,-0.6737158021703776,8,60,29956.267006767903,360.91887959961326,432.17310417217493,83.0,2.6692215981868848,2944.3456899888693,51.0,0.6144578313253012,0.7509242131573478,0,1
21581,8.0,601803,12,22.15,1182902400,1142294400,1050019200,3.0,3.0,2501.8,A0,842.9992721280041,40608000,132883200,200706,6,27,2,200603,3,14,1,200304,4,11,4,2.0974131903985085,10.663516305302009,0.5830342577487766,1.0,0.1986668147983557,2.118722206349006,2.9642205658449523,0.029533333333333328,2392200.0,"(999.999, 9000.0]_(17.5, 31.3]","(2788.0, 16400.0]_(17.5, 31.3]",199350.0,388.76889848812095,8157.000727871996,10.663516305302009,108000,22516200.0,6498.2,3.5959725107879175,4710.0,18672.43387763529,0.026244098462493277,265.79999999999995,10.149999999999999,1.7038461538461538,55414.87,0.008850087901550263,95023.5,0.005161966907480773,10115.99126553605,64.84609785600031,2109015.5790098407,-1658.800727871996,0.33682246768739177,3616466.8774291375,-3447.000727871996,0.19645753253973527,30021.600000000002,0.004794630014383889,0.002796550920531345,-1788.1999999999998,9371.924746743849,-371.924746743849,18.251429088277856,3.8985709117221425,0.2136035974424619,-17.5666194415752,-0.020412869733351366,0.0,674.4431729377716,0.36908126696965254,1462.3950795947903,0.5171850809289233,11332.349766102914,-2332.349766102914,-0.20581342918653903,15.799424253328535,6.350575746671463,0.4019498207558772,171.81335679869596,0.2559847471090005,-12.306585102554877,-4352.532878733357,-0.6350045957408594,-9266.173285198556,-0.6835390113606706,9131.360533664289,-131.3605336642886,17.980154359292584,4.169845640707415,0.23191378435259852,837.4353596003907,5.563912527613411,0.006643990445147206,12.0,0.0,0.0,1701.6239516754576,800.1760483245425,0.4702425865225222,2623.479793670493,1666.520206329507,0.6352327204311681,1,60,0.0,0.0,0.0,0.0,0.0,0.0,0.0,0.0,0.0,0,1
33954,10.0,602808,12,9.3,1132185600,1143504000,1078531200,3.0,2.0,1634.21,A0,788.3159121408156,-11318400,53654400,200511,11,17,3,200603,3,28,1,200403,3,6,5,4.524886877828054,11.402278684069378,0.8216239316239317,0.6666666666666666,0.039305632707476945,0.4482235750707672,2.07041309425478,0.012400000000000001,1004400.0,"(999.999, 9000.0]_(5.249, 11.45]","(101.999, 2788.0]_(5.249, 11.45]",83700.0,873.7864077669902,8211.684087859185,11.402278684069378,108000,14707890.0,7365.79,5.503880235566074,7012.0,7331.337982909586,0.011782354640205025,111.60000000000001,-2.6999999999999993,0.7153846153846154,15198.153000000002,0.005687342910084944,18488.4,0.0046757164404223235,9459.790945689787,60.63968554929351,1288273.7467796423,-845.8940878591844,0.4820884853571196,1567172.0333359414,-1199.6840878591843,0.39633781404767,19610.52,0.0073385069807547654,0.006033182503770739,-353.78999999999996,9112.063525452251,-112.06352545225127,17.910961821623893,-8.610961821623892,-0.4807649029337935,-47.07083053849499,-0.056346154581680505,0.0,-74.66074884307955,-0.04369010874205994,-641.4944783340343,-0.24396114295720642,12135.82902683519,-3135.8290268351902,-0.2583942983953655,15.252801818068614,-5.952801818068613,-0.3902759564486616,137.64169439156638,0.2115370344128334,-14.899694913143641,-7098.160831206026,-0.8128560923958953,-16423.915440259418,-0.8920264430688701,9131.360533664289,-131.3605336642886,17.980154359292584,-8.680154359292583,-0.48276306119732876,837.4353596003907,-49.1194474595751,-0.05865461363252446,12.0,0.0,0.0,1701.6239516754576,-67.41395167545761,-0.03961742052883088,2623.479793670493,-635.4797936704931,-0.24222782092840042,1,60,0.0,0.0,0.0,0.0,0.0,0.0,0.0,0.0,0.0,0,1
19307,10.0,602210,12,19.45,1169856000,1114387200,1054598400,11.0,6.0,4546.42,B1,923.714796900864,55468800,115257600,200701,1,27,5,200504,4,25,0,200306,6,3,1,1.214329083181542,10.814145111027212,0.5520850030358228,0.5454545454545454,0.3687211278872113,3.9878025228521725,4.916564561567633,0.023339999999999996,2334000.0,"(9000.0, 11000.0]_(17.5, 31.3]","(2788.0, 16400.0]_(17.5, 31.3]",194500.0,488.99755501222495,9076.285203099136,10.814145111027212,120000,45464200.0,5453.58,2.199049131155688,1766.0,17966.252799721806,0.021033512240947926,233.39999999999998,7.449999999999999,1.4961538461538462,88427.86899999999,0.004277150560097813,160151.3,0.0023618700667880996,11084.57756281037,71.05498437698954,4199595.426926026,-3622.7052030991363,0.20312942215604982,7605867.637681714,-7310.285203099136,0.11216937424418506,54557.04,0.002638858957386826,0.0014571948998178506,-3687.58,9112.063525452251,887.9364745477487,17.910961821623893,1.5390381783761065,0.0859271653696468,88.32805422155343,0.10573312899156329,0.0,2837.5492511569205,1.6604820774642939,5604.505521665966,2.1314003767054137,12135.82902683519,-2135.8290268351902,-0.17599366488373944,15.252801818068614,4.197198181931386,0.2751755534487667,273.0405791516148,0.4196271677954153,-14.899694913143641,-4185.950831206026,-0.4793601774499887,-10177.915440259418,-0.55278960373696,9131.360533664289,868.6394663357114,17.980154359292584,1.4698456407074154,0.0817482214744037,837.4353596003907,86.27943730047332,0.10302817562139284,12.0,0.0,0.0,1701.6239516754576,2844.7960483245424,1.6718124151481832,2623.479793670493,5610.520206329507,2.138579538468587,8,60,0.0,0.0,0.0,0.0,0.0,0.0,0.0,0.0,0.0,0,1
5412,6.0,221378,60,20.35,1112400754,1187568588,598235341,34.0,11.0,13700.0,C2,557.8002030057974,-75167834,514165413,200504,4,2,5,200708,8,20,0,198812,12,16,4,1.1807242528670696,37.40156121558025,0.7739675724535336,0.3235294117647059,0.1913784029472274,7.158193534082344,24.51681285423203,0.05842105263157895,25518900.000000004,"(11000.0, 33050.0]_(17.5, 31.3]","(16400.0, 6780700.0]_(17.5, 31.3]",425315.00000000006,978.9227166276346,20342.199796994202,37.40156121558025,1254000,286330000.0,7200.0,1.525436099554777,3200.0,11351.234131167977,0.03641730960464393,1221.0,-39.65,0.3336065573770492,278795.0,0.0014852930443033357,360195.0,0.0011496525620021468,33468.01218034784,9.144265623045857,7641862.781179423,-13142.199796994202,0.04071237157914002,9873063.593202613,-17142.199796994202,0.031512355403977024,822000.0,0.004379242391066345,0.003389639003446133,-4000.0,14208.43621399177,6691.56378600823,12.280197922790515,8.069802077209486,0.6571394148487575,128.59988462053713,0.2996267223294622,18.473838918283363,-365.25063688026603,-0.025968299201334404,-13583.234946871311,-0.43420173680694724,11267.917586460633,9632.082413539367,0.8548236477264564,15.966685062545988,4.3833149374540135,0.2745288029596211,-114.26451723494222,-0.1700201093638893,35.788079470198674,7249.503767476085,1.1238676074134437,4194.551419093255,0.31058216200410255,14619.449901768174,6280.550098231826,12.56630648330059,7.783693516699412,0.6194098104358023,445.3692541509338,112.43094885486357,0.2524443432207855,41.23379174852652,18.76620825147348,0.455117209834191,15329.499017681728,-1629.4990176817282,-0.10629825644022621,31180.11811023622,-13480.11811023622,-0.43233056599008807,15,22,0.0,0.0,0.0,0.0,0.0,0.0,0.0,0.0,0.0,0,0
45282,1.0,301652,36,7.85,1170374863,1170376584,527213291,24.0,19.0,21774.0,A2,325.17902164555977,-1721,643161572,200702,2,2,4,200702,2,2,4,198609,9,16,1,0.2849237007205282,31.88433133293621,0.5965316018739213,0.7916666666666666,1.4158254014037113,45.14698684700179,66.75475292724549,0.02717307692307692,2939040.0,"(9000.0, 11000.0]_(5.249, 11.45]","(16400.0, 6780700.0]_(5.249, 11.45]",81640.0,1175.1412429378531,10074.82097835444,31.88433133293621,374400,226449600.0,-11374.0,0.47761194029850745,-26100.0,2552.655319917644,0.024066538554187427,282.59999999999997,-28.15,0.21216216216216216,170925.9,0.0003605051664753157,286525.0,0.00021506260102462945,11706.444779240152,8.78862220663675,7080448.017310418,-21448.82097835444,0.014933594564664053,11869034.290062932,-36174.82097835444,0.00890877021576285,783864.0,0.0016532721010332951,0.0009862743486479823,-14726.0,13886.444585784704,-3486.444585784704,13.221839720146287,-5.371839720146287,-0.40628534559840007,-98.51624812161828,-0.23251675237194241,-5.689934806805532,7684.484496740341,0.5454044530461326,4709.692898272551,0.14814870718932538,11116.625039025914,-716.6250390259138,-0.06446426289545046,15.393974399000937,-7.543974399000938,-0.4900602146961176,-300.9171305262526,-0.4806244687536035,9.958164221042772,14579.808382766158,2.0266082915889965,21594.152595372107,1.4487034523557287,13855.532786885246,-3455.5327868852455,11.707377049180327,-3.857377049180327,-0.32948260169432186,410.76281906557523,-85.58379742001546,-0.2083533208159053,41.90163934426229,-5.901639344262293,-0.14084507042253516,12273.311475409837,9500.688524590163,0.7740933279193023,29113.38912133891,7386.610878661089,0.253718687572757,3,30,51358.51,755.272205882353,1456.7212474972646,68.0,0.79,5693.0,62.0,0.9117647058823529,0.8770604732810818,1,0
20562,0.0,281586,60,6.55,1172880164,1312851287,282615606,36.0,13.0,2366.0,A1,417.25798264942927,-139971123,890264558,200703,3,3,5,201108,8,9,1,197812,12,16,5,1.1965619908993876,50.925507422659265,0.13291388124262682,0.3611111111111111,0.7245669217407633,36.90067049583676,5.656795801033419,0.018450704225352114,8370900.0,"(11000.0, 33050.0]_(5.249, 11.45]","(16400.0, 6780700.0]_(5.249, 11.45]",139515.0,2821.1920529801323,20882.74201735057,50.925507422659265,1278000,50395800.0,18934.0,8.99873257287706,3500.0,2733.0397863537614,0.015660191249690994,393.0,-53.45,0.10737704918032787,15497.3,0.0027672158850866073,116590.0,0.00036795685635638447,25035.478958965756,6.8402947975316275,987232.3869485497,-1948.7420173505707,0.17628136149109813,7427192.091159841,-17382.74201735057,0.02344014283744898,141960.0,0.025348542458808618,0.0033705971574630638,-15434.0,14137.877614252517,7162.122385747483,12.546214175058095,-5.996214175058095,-0.477930162150315,-11.115300731132209,-0.025947698333132308,18.446165762974438,-11369.921378776142,-0.827750906928181,-11719.75476839237,-0.39701396100149994,11629.972183588317,9670.027816411683,0.831474715825854,15.004061196105702,-8.454061196105702,-0.5634515272638284,-190.21305051653195,-0.31312283241753475,32.11126564673157,-5548.596954102921,-0.701058687672849,1384.6856504745956,0.08435328261104115,14686.438923395444,6613.561076604556,12.571325051759834,-6.021325051759834,-0.47897298232034186,444.24741000022766,-26.989427350798394,-0.060753145079190364,41.81366459627329,18.18633540372671,0.43493761140819964,15423.08281573499,-13057.08281573499,-0.8465935748211019,28313.333333333332,-10513.333333333332,-0.3713209324228867,2,28,101103.0,962.8857142857142,2843.519596158638,105.0,0.38,13304.67,99.0,0.9428571428571428,0.0,1,0
7221,10.0,601902,12,28.25,1139529600,1104969600,1042588800,2.0,1.0,949.85,B2,966.2834206018742,34560000,96940800,200602,2,10,4,200501,1,6,3,200301,1,15,2,9.99000999000999,10.338231574131276,0.948901098901099,0.5,0.0050144985501449834,0.05184623134426833,0.9819769260688593,0.0339,3390000.0,"(9000.0, 11000.0]_(17.5, 31.3]","(101.999, 2788.0]_(17.5, 31.3]",282500.0,341.88034188034186,9033.716579398126,10.338231574131276,120000,9498500.0,9050.15,10.51690592627649,9000.0,27297.506632002947,0.029205504196920855,339.0,16.25,2.173076923076923,26833.2625,0.029710259241731082,28250.0,0.02822177822177822,11595.40104722249,74.32949389245186,917824.3070586902,16.433420601874218,1.016231183259057,966283.4206018742,-33.71657939812576,0.9653181024993749,11398.2,0.012620287111531786,0.011988011988011988,-50.14999999999998,9051.112288135593,948.8877118644068,18.09610699152542,10.15389300847458,0.5611092492561933,135.74490510248563,0.16344203497999674,0.0,-625.4685566737288,-0.39704258800480335,-1447.2825741525426,-0.591383516328806,12135.82902683519,-2135.8290268351902,-0.17599366488373944,15.252801818068614,12.997198181931386,0.8521187344435815,315.609202852625,0.4850494982640476,-14.899694913143641,-7782.520831206026,-0.891226561679491,-17411.915440259418,-0.9456873456080835,9131.360533664289,868.6394663357114,17.980154359292584,10.269845640707416,0.5711767227070389,837.4353596003907,128.84806100148353,0.15386030637990677,12.0,0.0,0.0,1701.6239516754576,-751.7739516754576,-0.4417979371618764,2623.479793670493,-1623.479793670493,-0.6188268716943665,9,60,0.0,0.0,0.0,0.0,0.0,0.0,0.0,0.0,0.0,0,1
10232,1.0,241457,36,10.55,1183422370,1204159085,411523747,41.0,10.0,4071.0,A4,169.13533058964452,-20736715,771898623,200707,7,3,1,200802,2,28,3,198301,1,16,6,0.24760725679729537,30.5639045222304,0.19384791200419027,0.24390243902439024,3.254950970967122,99.50314224169969,23.928010636538453,0.07303846153846154,1974960.0000000002,"(999.999, 9000.0]_(5.249, 11.45]","(16400.0, 6780700.0]_(5.249, 11.45]",54860.00000000001,450.2164502164502,5030.864669410355,30.5639045222304,187200,21169200.0,1129.0,1.2770137524557956,-15800.0,1784.3777377207498,0.062009460136448216,379.8,-25.45,0.28513513513513516,42949.05,0.0025908644400785856,221550.00000000003,0.0005023570306175897,6088.871901227203,4.571225151071474,688549.9308304428,-3901.8646694103554,0.04153618138252567,3551841.942382535,-20830.864669410355,0.008053679852847223,146556.0,0.008840864440078585,0.0017142040855197371,-16929.0,14909.64738018376,-9709.64738018376,12.281859945368762,-1.731859945368761,-0.14100958267496042,-283.9995239293915,-0.6267439396839882,-5.4472311894710685,-10695.427116960516,-0.7243070400338004,-10754.711322169456,-0.3386808090634755,11116.625039025914,-5916.625039025914,-0.5322321314477252,15.393974399000937,-4.8439743990009365,-0.31466691274446373,-456.96082158216785,-0.7298572591399177,9.958164221042772,-3123.1916172338433,-0.4341268322284007,6094.152595372108,0.4088430821772687,14872.227822580646,-9672.227822580646,12.510458669354838,-1.9604586693548374,-0.15670557900144022,454.264449623415,-285.12911903377045,-0.6276720955605096,40.99596774193548,-4.99596774193548,-0.12186485688993796,14495.500504032258,-10424.500504032258,-0.7191542300407249,31734.179786693752,-10734.179786693752,-0.33825294552577756,5,24,28104.809999999998,739.6002631578947,1375.1362495452738,38.0,49.31,5046.48,34.0,0.8947368421052632,4.840590324012428,0,1
16961,3.0,602200,12,9.35,1160956800,1102723200,1031702400,5.0,3.0,2116.94,A3,876.1386551426966,58233600,129254400,200610,10,16,0,200412,12,11,5,200209,9,11,2,2.7540622418066647,11.400706081495358,0.5830184522170201,0.6,0.15129087091290871,1.7249952343667365,2.413461073216078,0.011219999999999999,1122000.0,"(9000.0, 11000.0]_(5.249, 11.45]","(2788.0, 16400.0]_(5.249, 11.45]",93500.0,966.1835748792271,9123.861344857303,11.400706081495358,120000,21169400.0,7883.0599999999995,4.721569071833952,6370.0,8191.896425584213,0.010659660186198159,112.19999999999999,-2.6500000000000004,0.7192307692307692,19793.389,0.004414667082164744,33940.5,0.0025750481960892316,10513.663861712359,67.39528116482282,1854732.9646177802,-1240.8013448573033,0.4136749176759949,3180383.3181679887,-2753.8613448573033,0.24129403887157716,25403.28,0.005665882886200742,0.0033048746901679976,-1513.06,9112.063525452251,887.9364745477487,17.910961821623893,-8.560961821623893,-0.47797331639042684,40.75191246338602,0.048782091433105156,0.0,408.0692511569205,0.23879468440383037,1000.5055216659657,0.3804934864513786,11631.587651598677,-1631.5876515986765,-0.14027213657066212,14.969253031973539,-5.619253031973539,-0.3753863349073671,264.7680675258787,0.433072955894019,-15.684674751929439,-5675.342477949283,-0.7283286372137371,-12736.616980088496,-0.7782070659797177,9131.360533664289,868.6394663357114,17.980154359292584,-8.630154359292584,-0.4799822174403252,837.4353596003907,38.70329554230591,0.04621645730456669,12.0,0.0,0.0,1701.6239516754576,415.3160483245424,0.244070405753053,2623.479793670493,1006.5202063295069,0.3836584557494499,4,60,0.0,0.0,0.0,0.0,0.0,0.0,0.0,0.0,0.0,0,1
36704,2.0,602702,12,13.8,1141430400,1133049600,1098316800,14.0,5.0,3895.52,C4,986.6234503335327,8380800,43113600,200603,3,4,5,200511,11,27,6,200410,10,21,3,1.7739074342847927,11.137848130565514,0.6282083534913724,0.35714285714285715,0.20947913826015818,2.3333589327205106,3.9443372863255064,0.015054545454545456,1821600.0,"(9000.0, 11000.0]_(11.45, 17.5]","(2788.0, 16400.0]_(11.45, 17.5]",151800.0,743.2432432432432,10013.376549666467,11.137848130565514,132000,42850720.0,7104.48,2.823031833533512,4800.0,13615.403614602752,0.013972936745618555,165.60000000000002,1.8000000000000007,1.0615384615384615,53758.176,0.003541621754796588,85560.0,0.0022254475084663764,11839.481404002392,75.89411156411789,3843411.3832432833,-2908.8965496664673,0.25320630981838477,6117065.392067903,-5213.376549666467,0.15910715212603332,46746.24,0.0030796710911274675,0.0019351717464925011,-2304.48,9112.063525452251,1887.9364745477487,17.910961821623893,-4.110961821623892,-0.22952211403079037,151.23670765422207,0.18103795515016813,0.0,2186.6492511569204,1.279587266993306,3570.5055216659657,1.3578676628095172,11673.722531109346,-673.7225311093462,-0.057712741528157835,14.786364839819962,-0.9863648398199611,-0.06670773043308534,387.5077282533498,0.6467994645640222,-16.36219221604448,-4083.0259862324597,-0.5117506364289943,-10925.623107569721,-0.637969377169142,9131.360533664289,1868.6394663357114,17.980154359292584,-4.180154359292583,-0.23248712306700398,837.4353596003907,149.18809073314196,0.17814878369159368,12.0,0.0,0.0,1701.6239516754576,2193.8960483245423,1.2892954675234691,2623.479793670493,3576.520206329507,1.3632733954949283,17,60,0.0,0.0,0.0,0.0,0.0,0.0,0.0,0.0,0.0,0,1
20983,5.0,121087,36,12.5,1125621027,1218933826,837477790,5.0,4.0,160.0,A5,173.95885299892493,-93312799,288143237,200509,9,2,4,200808,8,17,6,199607,7,16,1,1.3329915406306074,29.721273950235332,0.041015124327095615,0.8,0.7190924822149587,21.376454725746182,0.9145007369303179,0.08653846153846154,2340000.0,"(999.999, 9000.0]_(11.45, 17.5]","(2788.0, 16400.0]_(11.45, 17.5]",65000.0,385.18518518518516,5026.041147001075,29.721273950235332,187200,832000.0,5040.0,32.298136645962735,1300.0,2174.4856624865615,0.07144537007268108,450.0,-23.5,0.33783783783783783,2000.0,0.07763975155279502,48750.0,0.003204306588054345,6262.518707961297,4.701590621592565,27833.41647982799,13.958852998924925,1.0804897701796579,678439.5266958072,-3726.041147001075,0.0445933998971866,5760.0,0.2236024844720497,0.009228402973596514,-3740.0,14208.43621399177,-9008.43621399177,12.280197922790515,0.21980207720948464,0.017898903469752665,-255.2414653863353,-0.594690764318643,-5.526161081716637,-13905.250636880266,-0.9886244472899426,-27383.23494687131,-0.875332586076107,11480.70953436807,-6280.70953436807,-0.5470663216037699,15.355812480202726,-2.855812480202726,-0.18597599338260634,-465.67607050493336,-0.7280341541609467,9.715552739942982,-7315.192210959772,-0.9785958681081919,-12426.563532401526,-0.7611254816569267,14669.042437431992,-9469.042437431992,12.40500544069641,0.09499455930358991,0.007657760390168516,449.56226881483747,-275.6034158159125,-0.6130483693448617,40.96191512513602,-4.9619151251360165,-0.12113484220592921,15323.734494015234,-15163.734494015234,-0.9895586810080474,30572.210065645515,-26672.210065645515,-0.8724331675195934,6,12,0.0,0.0,0.0,0.0,0.0,0.0,0.0,0.0,0.0,0,0
40651,10.0,401854,36,13.9,1196640159,1201824433,235269917,36.0,13.0,22978.0,B1,784.968858227371,-5184274,961370242,200712,12,3,0,200802,2,1,4,197706,6,16,3,0.5145298762891211,29.263245940650727,0.5140377172770184,0.3611111111111111,0.9443937220120864,27.637227318383264,29.235255009750972,0.021756521739130435,11509200.0,"(11000.0, 33050.0]_(11.45, 17.5]","(16400.0, 6780700.0]_(11.45, 17.5]",319700.0,1543.6241610738255,22215.03114177263,29.263245940650727,828000,528494000.0,22.0,1.000913877888507,-21700.0,10911.067129360457,0.01768517906848022,500.40000000000003,-22.1,0.37567567567567567,319394.2,0.0006049001262021846,621330.0,0.000310955012192121,28258.878896185357,21.2153745466857,18037014.42434853,-22193.03114177263,0.03416027060478572,35088107.96276348,-43915.031141772626,0.017560431718023555,827208.0,0.0015666478088689673,0.0008053511107134068,-21722.0,14909.64738018376,8090.35261981624,12.281859945368762,1.6181400546312386,0.13175040766047866,331.834003708335,0.7323073923778132,-5.4472311894710685,8211.572883039484,0.5560974782862527,12945.288677830544,0.40766513499345935,12135.82902683519,10864.17097316481,0.8952145707673993,15.252801818068614,-1.3528018180686132,-0.08869202092864482,134.29464047812178,0.20639305633264693,9.100305086856359,14245.629168793974,1.6313587047730211,26288.084559740582,1.4277756513186655,14798.312710911136,8201.687289088864,12.576096737907761,1.323903262092239,0.10527139617983663,450.90146275856074,334.0673954688103,0.7408878060076058,41.37232845894263,-5.372328458942633,-0.12985318107667213,14944.149606299212,8033.850393700788,0.5375916733538578,32736.549375709423,11963.450624290577,0.36544629328488354,8,40,59457.36,887.4232835820895,1896.2588233832298,67.0,0.4,7389.2,61.0,0.9104477611940298,0.7196831178917945,1,0
1887,9.0,601508,12,6.399999999999999,1164067200,1140825600,1098144000,3.0,2.0,1484.58,B2,690.003137210918,23241600,65923200,200611,11,21,1,200602,2,25,5,200410,10,19,1,4.597701149425287,11.57737146070022,0.8532068965517241,0.6666666666666666,0.031798525184351965,0.3681893558789188,2.1484417653907912,0.009599999999999997,614399.9999999998,"(999.999, 9000.0]_(5.249, 11.45]","(101.999, 2788.0]_(5.249, 11.45]",51199.999999999985,1081.0810810810813,7309.996862789082,11.57737146070022,96000,11876640.0,6515.42,5.385102114998856,6261.0,4416.020078149874,0.009261897168560174,76.79999999999998,-5.600000000000001,0.4923076923076922,9501.311999999998,0.004308081691999084,11129.599999999997,0.003678160919540229,8280.037646531016,53.07716440083985,1024364.8574405846,-794.5768627890819,0.46446716919379505,1199915.4556097863,-1048.9968627890821,0.39655352713271147,17814.96,0.008077653172498284,0.006896551724137931,-254.42000000000007,9112.063525452251,-1112.0635254522513,17.910961821623893,-11.510961821623894,-0.6426769224490623,-145.3836054683926,-0.17403149707895552,0.0,-224.29074884307965,-0.1312508561545257,-890.4944783340343,-0.33865615070552413,10858.280381254965,-2858.2803812549646,-0.26323508703913334,16.241163621922162,-9.841163621922163,-0.6059395651084174,-6.678141268921877,-0.00958564766300825,-10.150913423351867,-4725.23936457506,-0.7609302440471889,-11355.800079649542,-0.8671991943807865,9131.360533664289,-1131.3605336642886,17.980154359292584,-11.580154359292585,-0.6440519991035382,837.4353596003907,-147.4322223894727,-0.17605206264496015,12.0,0.0,0.0,1701.6239516754576,-217.04395167545772,-0.12755106759149182,2623.479793670493,-884.4797936704931,-0.3371399298765032,9,60,0.0,0.0,0.0,0.0,0.0,0.0,0.0,0.0,0.0,0,1
22907,10.0,601300,12,11.75,1151798400,1141862400,1049155200,5.0,4.0,3975.54,A2,976.0506673931062,9936000,102643200,200607,7,2,6,200603,3,9,3,200304,4,1,1,2.3907846120408607,11.258372126544247,0.8640599869593567,0.8,0.056763930551768024,0.6391275507401655,4.0689189749056105,0.012818181818181819,1551000.0,"(9000.0, 11000.0]_(11.45, 17.5]","(2788.0, 16400.0]_(11.45, 17.5]",129250.0,862.7450980392157,10023.949332606893,11.258372126544247,132000,43730940.0,7024.46,2.7662239031922224,6400.0,11468.595341868999,0.012025988407899535,141.0,-0.25,0.9038461538461539,46712.595,0.002954830078409874,54050.0,0.0025537926537709194,11712.608008717274,75.08082056870047,3880328.4702479895,-2999.4893326068936,0.24545224426086654,4489833.070008288,-3623.9493326068937,0.21213881056142278,47706.479999999996,0.0030176988034824243,0.002608128667680939,-624.46,9051.112288135593,1948.8877118644068,18.09610699152542,-6.346106991525421,-0.35068907331822047,145.5121518937176,0.175202172058479,0.0,2400.221443326271,1.523641953659403,2152.7174258474574,0.8796358248874924,12135.82902683519,-1135.8290268351902,-0.09359303137211339,15.252801818068614,-3.5028018180686136,-0.2296497299216962,325.376449643857,0.5000604615461305,-14.899694913143641,-4756.830831206026,-0.5447353213868337,-13811.915440259418,-0.7501617897971843,9131.360533664289,1868.6394663357114,17.980154359292584,-6.230154359292584,-0.34650171710415195,837.4353596003907,138.6153077927155,0.16552359081047194,12.0,0.0,0.0,1701.6239516754576,2273.9160483245423,1.3363211337531966,2623.479793670493,1976.520206329507,0.7533963902059145,3,60,66986.18059581227,744.2908955090253,623.0713895752353,90.0,5.814794083903345,3385.540860920035,52.0,0.5777777777777777,1.3959377994505036,0,1
48773,10.0,391832,36,6.45,1167698383,1167696696,340505837,24.0,8.0,24745.0,A1,318.5130002939883,1687,827192546,200701,1,2,1,200701,1,2,1,198010,10,16,3,0.1742014371618566,32.54953629564624,0.4144821694778982,0.3333333333333333,3.360734544755312,109.40086934753023,77.4459880419006,0.022326923076923078,2414880.0,"(9000.0, 11000.0]_(5.249, 11.45]","(16400.0, 6780700.0]_(5.249, 11.45]",67080.0,1395.9731543624162,10081.486999706012,32.54953629564624,374400,257348000.0,-14345.0,0.4202699426169886,-49300.0,2054.4088518962244,0.02018697202951137,232.20000000000002,-29.55,0.17432432432432432,159605.25,0.0002606481855653439,385065.0,0.00010803839131672837,11466.468010583578,8.608459467405089,7881604.19227474,-24426.486999706012,0.012871292341953782,19015226.1175511,-59381.48699970601,0.005335136769802655,890820.0,0.0014547805705972681,0.000603004974791042,-34955.0,13772.304603027495,-3372.3046030274945,12.28024405313562,-5.83024405313562,-0.4747661388412662,-103.18739974959254,-0.24469362547184825,-4.759962928637627,10878.300278035218,0.7844909384461571,26872.713178294573,0.8186090225563909,12135.82902683519,-1735.8290268351902,-0.14303341147908902,15.252801818068614,-8.802801818068613,-0.5771268730208459,-332.16121745526095,-0.510487750082125,9.100305086856359,16012.629168793974,1.8337092501352776,41288.084559740586,2.2424654671974125,13098.71794871795,-2698.717948717949,11.532051282051283,-5.082051282051283,-0.44068927181767653,410.5229666940216,-92.0099664000333,-0.2241286696844219,39.69230769230769,-3.6923076923076934,-0.09302325581395351,14537.871794871795,10207.128205128205,0.7021060819045569,29512.82051282051,30187.17948717949,1.0228496959165942,2,39,0.0,0.0,0.0,0.0,0.0,0.0,0.0,0.0,0.0,0,0
340,10.0,601107,12,6.449999999999999,1188259200,1145577600,1089849600,7.0,3.0,2048.69,B2,1035.2808341554078,42681600,98409600,200708,8,28,1,200604,4,21,4,200407,7,15,3,2.8708133971291865,11.579872563965994,0.4901172248803828,0.42857142857142855,0.17751104074660445,2.055726526811866,1.976964093589291,0.006449999999999999,928799.9999999998,"(11000.0, 33050.0]_(5.249, 11.45]","(2788.0, 16400.0]_(5.249, 11.45]",77399.99999999999,1610.7382550335572,10964.719165844592,11.579872563965994,144000,24584280.0,9951.31,5.854543857851675,7821.0,6677.56138030238,0.006224181503131721,77.39999999999999,-5.550000000000001,0.4961538461538461,13214.0505,0.003146817323595275,26954.549999999996,0.0015430622009569377,12423.370009864893,79.63698724272368,2120969.4921258423,-1013.4091658445923,0.5050914207296751,4326438.605935449,-3143.719165844592,0.24767484070703535,24584.28,0.005854543857851675,0.0028708133971291866,-2130.31,9112.063525452251,2887.9364745477487,17.910961821623893,-11.460961821623894,-0.6398853359056955,199.89409147609717,0.2392832939088582,0.0,339.8192511569205,0.1988560289811158,1549.5055216659657,0.589278864980802,12135.82902683519,-135.82902683519023,-0.01119239786048733,15.252801818068614,-8.802801818068614,-0.5771268730208461,384.60661640615854,0.5910893745514513,-14.899694913143641,-6683.680831206026,-0.7653913193105822,-14232.915440259418,-0.7730274172961812,9131.360533664289,2868.6394663357114,17.980154359292584,-11.530154359292585,-0.6412711553465346,837.4353596003907,197.84547455501706,0.23625163696147894,12.0,0.0,0.0,1701.6239516754576,347.0660483245424,0.20396166143689579,2623.479793670493,1555.520206329507,0.5929225031892428,9,60,0.0,0.0,0.0,0.0,0.0,0.0,0.0,0.0,0.0,0,1
47805,10.0,602602,12,25.3,1151884800,1105747200,1006905600,1.0,1.0,691.87,B4,666.328911729557,46137600,144979200,200607,7,3,0,200501,1,15,5,200111,11,28,2,7.510729613733906,10.489579991158593,0.7423497854077253,1.0,0.03415654906441937,0.3583390376122506,1.0367751012118422,0.043371428571428575,2125200.0,"(999.999, 9000.0]_(17.5, 31.3]","(101.999, 2788.0]_(17.5, 31.3]",177100.0,266.1596958174905,6333.671088270443,10.489579991158593,84000,4843090.0,6308.13,10.10290530691183,6069.0,16858.121466757795,0.03791233911090177,303.6,13.3,1.9461538461538461,17504.311,0.03651478632355276,23554.3,0.027145922746781116,7995.946940754684,51.25607013304285,461012.9841583286,-25.54108827044297,0.9616939854944752,620352.2168202176,-264.67108827044297,0.7149451842591814,8302.44,0.01731926624042028,0.012875536480686695,-239.13,9051.112288135593,-2051.112288135593,18.09610699152542,7.20389300847458,0.3980907612807678,-164.20960376983157,-0.19771461612601451,0.0,-883.4485566737288,-0.5608062908489586,-1516.2825741525426,-0.6195780537021184,12135.82902683519,-5135.82902683519,-0.42319556541861764,15.252801818068614,10.047198181931387,0.6587116453600925,15.654693980307798,0.024059188997005345,-14.899694913143641,-8040.500831206026,-0.9207695122695052,-17480.915440259418,-0.9494349187611257,9131.360533664289,-2131.3605336642886,17.980154359292584,7.319845640707417,0.407106941043826,837.4353596003907,-171.10644787083368,-0.20432197650751532,12.0,0.0,0.0,1701.6239516754576,-1009.7539516754576,-0.5934060523074037,2623.479793670493,-1692.479793670493,-0.6451278175474552,11,60,0.0,0.0,0.0,0.0,0.0,0.0,0.0,0.0,0.0,0,1
49306,2.0,602406,12,22.4,1158364800,1154476800,1049500800,10.0,4.0,3806.34,B2,1031.6569576026498,3888000,108864000,200609,9,16,5,200608,8,2,2,200304,4,5,5,2.104457623876028,10.652133720705175,0.7282073847331165,0.4,0.12904826833924188,1.3747643779942098,3.68596751513354,0.02443636363636363,2956799.9999999995,"(9000.0, 11000.0]_(17.5, 31.3]","(2788.0, 16400.0]_(17.5, 31.3]",246399.99999999997,470.0854700854701,9968.34304239735,10.652133720705175,132000,41869740.0,7193.66,2.8891562087966927,5774.0,23109.115850299353,0.0216916177585269,268.79999999999995,10.399999999999999,1.723076923076923,85262.016,0.00588337264336781,117062.4,0.004285440979529366,12379.883491231798,79.35822750789613,3926837.14400127,-2774.6830423973506,0.27096528221872745,5391439.260431448,-4194.3430423973505,0.19737075905924042,45676.08,0.0031518067732327557,0.0022957719533193035,-1419.6599999999999,9112.063525452251,1887.9364745477487,17.910961821623893,4.489038178376106,0.25063077142828216,196.27021492333915,0.23494533118139707,0.0,2097.4692511569206,1.227400757240959,2596.5055216659657,0.9874542590068608,11673.722531109346,-673.7225311093462,-0.057712741528157835,14.786364839819962,7.613635160180037,0.5149091911810787,432.5412355224669,0.7219660903249966,-16.36219221604448,-4172.2059862324595,-0.5229281116423836,-11899.623107569721,-0.694843220175151,9131.360533664289,1868.6394663357114,17.980154359292584,4.419845640707415,0.24581800313761656,837.4353596003907,194.22159800225904,0.2319242861860265,12.0,0.0,0.0,1701.6239516754576,2104.7160483245425,1.2368867082836905,2623.479793670493,2602.520206329507,0.9920107685252412,9,60,0.0,0.0,0.0,0.0,0.0,0.0,0.0,0.0,0.0,0,1
7144,10.0,311685,60,9.15,1172883313,1245459539,721874859,21.0,8.0,11832.0,A3,443.70521262759155,-72576226,451008454,200703,3,3,5,200906,6,20,5,199211,11,16,0,0.7006348475379099,47.896897529368985,0.3891977237590869,0.38095238095238093,0.8716961644993193,41.75350203405274,26.606389275469194,0.025774647887323945,11693700.0,"(11000.0, 33050.0]_(5.249, 11.45]","(16400.0, 6780700.0]_(5.249, 11.45]",194895.0,2098.522167487685,20856.294787372408,47.896897529368985,1278000,252021600.0,9468.0,1.8000507056536803,-9100.0,4059.902695542463,0.02057542781191203,549.0,-50.85,0.15,108262.8,0.0007732612186258769,278160.0,0.0003009769415479754,26622.312757655494,7.273855944714615,5249920.075809663,-11388.294787372408,0.03749727141279401,13488638.463878782,-29956.294787372408,0.014595086103338428,709920.0,0.005070565368038536,0.001973619288839183,-18568.0,13886.444585784704,7413.555414215296,13.221839720146287,-4.071839720146286,-0.307963173531893,20.009942860413503,0.04722720381421542,18.31006519319447,-2257.5155032596595,-0.16022662402673643,-1390.3071017274488,-0.04373367949163036,12135.82902683519,9164.17097316481,0.755133493797635,15.252801818068614,-6.102801818068613,-0.4001102152156187,-206.9690051216577,-0.31808391891964816,33.10030508685636,3099.629168793974,0.35495849050719763,11988.084559740582,0.6511046935142601,13298.532863849765,8001.467136150235,12.68855633802817,-3.538556338028169,-0.2788777733068779,407.07614330225897,36.62906932533258,0.08998087932196766,41.070422535211264,18.929577464788736,0.4609053497942388,12937.718896713615,-1105.7188967136153,-0.08546474888973553,28714.537963507944,1685.4620364920556,0.05869716722010418,4,31,27935.44,963.2910344827586,1593.0279586739052,29.0,0.0,5012.33,25.0,0.8620689655172413,0.7810921657901682,1,0
27549,10.0,572173,60,20.35,1241222967,1324166438,648086430,23.0,11.0,12636.0,B4,557.8002030057974,-82943471,593136537,200905,5,2,5,201112,12,18,6,199007,7,16,0,1.1874325322424861,37.40156121558025,0.7179137549002897,0.4782608695652174,0.2375005980575092,8.88331817579619,22.612733374166126,0.05842105263157895,25518900.000000004,"(11000.0, 33050.0]_(17.5, 31.3]","(16400.0, 6780700.0]_(17.5, 31.3]",425315.00000000006,978.9227166276346,20342.199796994202,37.40156121558025,1254000,264092400.0,8264.0,1.6538735459365355,3300.0,11351.234131167977,0.03641730960464393,1221.0,-39.65,0.3336065573770492,257142.6,0.0016103505578855743,358160.0,0.0011561843077097893,33468.01218034784,9.144265623045857,7048363.365181255,-12078.199796994202,0.04414023921862763,9817283.572902033,-17042.199796994202,0.03169139270528932,758160.0,0.00474796233283216,0.0034088972217487645,-4964.0,14137.877614252517,6762.122385747483,12.546214175058095,7.803785824941906,0.6220032366780293,129.42691962523588,0.3021358349051255,18.446165762974438,-1099.9213787761419,-0.08007627216588975,-11919.75476839237,-0.40378908503519095,12135.82902683519,8764.17097316481,0.7221732403929846,15.252801818068614,5.097198181931388,0.33418110605050927,-92.87401474345188,-0.14273504652560676,33.10030508685636,3903.629168793974,0.44702970639358935,-811.9154402594177,-0.04409728270227044,14498.611111111111,6401.388888888889,12.209722222222222,8.14027777777778,0.6667045842338757,431.8129133496253,125.98728965617204,0.2917635989134121,43.333333333333336,16.666666666666664,0.3846153846153845,14880.416666666666,-2244.416666666666,-0.15083022988827594,30327.777777777777,-12727.777777777777,-0.41967393295475364,11,57,45542.92,650.6131428571429,1099.5875770732168,70.0,3.62,3928.99,64.0,0.9142857142857143,0.457818776373954,1,0
5820,7.0,601402,12,29.5,1163376000,1138147200,1058227200,1.0,1.0,736.98,A4,777.9307807485599,25228800,105148800,200611,11,13,0,200601,1,25,2,200307,7,15,1,7.804878048780488,10.270488980178603,0.7190048780487805,1.0,0.03587301587301587,0.3684794683863578,0.9461431210765034,0.04425,2832000.0,"(999.999, 9000.0]_(17.5, 31.3]","(101.999, 2788.0]_(17.5, 31.3]",236000.0,262.2950819672131,7222.06921925144,10.270488980178603,96000,5895840.0,7263.02,10.840402178920838,6976.0,22948.958032082515,0.0378724281144086,354.0,17.5,2.269230769230769,21740.91,0.03997398303477059,30208.0,0.02878048780487805,9335.169368982719,59.84082928835076,573319.4267960737,40.95078074855985,1.0541353163345346,796601.1194865253,-246.06921925144013,0.7589568592668877,8843.76,0.016260603268381257,0.011707317073170732,-287.02,9051.112288135593,-1051.1122881355932,18.09610699152542,11.40389300847458,0.630184879754255,-52.60773475082874,-0.06334171596990491,0.0,-838.3385566737288,-0.5321708127681002,-1423.2825741525426,-0.5815767207206973,11165.83147735709,-3165.831477357089,-0.28352850244757855,16.081106161841127,13.418893838158873,0.8344509204224134,98.80979511869555,0.14549660106152135,-11.679287305122493,-5869.627182628063,-0.8884480369987983,-12019.907297096053,-0.9214959155507053,9131.360533664289,-1131.3605336642886,17.980154359292584,11.519845640707416,0.6406978166321291,837.4353596003907,-59.50457885183084,-0.0710557276686112,12.0,0.0,0.0,1701.6239516754576,-964.6439516754576,-0.5668960822546293,2623.479793670493,-1599.479793670493,-0.6096787166150313,5,60,0.0,0.0,0.0,0.0,0.0,0.0,0.0,0.0,0.0,0,1
44895,10.0,602702,12,14.5,1161820800,1109980800,1067126400,7.0,4.0,2201.44,A4,720.1803680150626,51840000,94694400,200610,10,26,3,200503,3,5,5,200310,10,26,6,2.8500178126113287,11.092925369029057,0.7842679016743855,0.5714285714285714,0.07556055493063367,0.8382923701375258,3.052551203049416,0.02175,1392000.0,"(999.999, 9000.0]_(11.45, 17.5]","(2788.0, 16400.0]_(11.45, 17.5]",116000.0,516.1290322580645,7279.819631984938,11.092925369029057,96000,17611520.0,5798.5599999999995,3.632335046584697,5194.0,10442.615336218409,0.020105927231365166,174.0,2.5,1.1153846153846154,31920.88,0.006583607271934763,40687.0,0.005165657285358034,8642.164416180753,55.39848984731251,1585433.8693630795,-1481.2596319849374,0.3269920488254221,2020826.1126502657,-2085.8196319849376,0.2565658596419888,26417.28,0.005448502569877045,0.004275026718916993,-604.56,9051.112288135593,-1051.1122881355932,18.09610699152542,-3.5961069915254207,-0.19872268622248487,-110.35814748432597,-0.1328754120667956,0.0,626.1214433262712,0.3974570353873829,358.71742584745743,0.14657785318137034,12135.82902683519,-4135.82902683519,-0.34079493190699156,15.252801818068614,-0.7528018180686136,-0.04935498586081656,69.5061502658134,0.1068217371609444,-14.899694913143641,-6530.930831206026,-0.7478989334565445,-15605.915440259418,-0.8475986917762824,9131.360533664289,-1131.3605336642886,17.980154359292584,-3.480154359292584,-0.1935553104689535,837.4353596003907,-117.25499158532807,-0.14001676695533857,12.0,0.0,0.0,1701.6239516754576,499.8160483245424,0.2937288510968667,2623.479793670493,182.5202063295069,0.06957179802560784,5,60,0.0,0.0,0.0,0.0,0.0,0.0,0.0,0.0,0.0,0,0
18109,2.0,311675,36,16.1,1220316421,1256604194,574476350,31.0,18.0,10697.0,B2,561.5424500999889,-36287773,645840071,200809,9,2,1,200910,10,27,1,198803,3,16,2,0.5246537942830828,28.35341581273551,0.3518634255452123,0.5806451612903226,1.2352203623597267,35.02491233594531,19.01545385259133,0.03633855799373041,9244620.000000002,"(11000.0, 33050.0]_(11.45, 17.5]","(16400.0, 6780700.0]_(11.45, 17.5]",256795.00000000003,932.7485380116958,15388.457549900011,28.35341581273551,574200,170617150.0,5253.0,1.4909328846513368,-14450.0,9040.833446609822,0.02862006235642895,579.6,-19.9,0.4351351351351352,172221.7,0.001504954197046177,489440.00000000006,0.0005295878425051808,20215.5282035996,15.176822975675375,6006819.58871958,-10135.457549900011,0.052490414105439226,17070890.483039662,-29838.457549900013,0.018471183516989207,385092.0,0.0033651149747616375,0.0011841715733035098,-19703.0,13772.304603027495,2177.6953969725055,12.28024405313562,3.8197559468643814,0.3110488627373045,139.84205005640803,0.3316146962202454,-4.759962928637627,-3169.699721964782,-0.22858356966827467,-2427.2868217054274,-0.07394113424264181,11673.722531109346,4276.277468890654,0.36631652478417115,14.786364839819962,1.3136351601800396,0.08884098116140048,-37.57327198019402,-0.06271454845106766,7.63780778395552,2718.4540137675403,0.3407204794530762,13274.376892430279,0.7751178925900134,13298.532863849765,2651.467136150235,12.68855633802817,3.4114436619718322,0.2688598742906302,407.07614330225897,154.46630679772989,0.37945310561478124,41.070422535211264,-5.070422535211264,-0.12345679012345673,12937.718896713615,-2240.7188967136153,-0.17319273317051226,28714.537963507944,1685.4620364920556,0.05869716722010418,9,31,0.0,0.0,0.0,0.0,0.0,0.0,0.0,0.0,0.0,0,0
922,6.0,602703,12,11.9,1187827200,1125187200,1079049600,2.0,1.0,1030.76,A4,976.8221602725995,62640000,108777600,200708,8,23,3,200508,8,28,6,200403,3,12,4,9.00163666121113,11.249489372314281,0.8435024549918166,0.5,0.017292973366057632,0.19455480528991537,1.05413851503697,0.012981818181818183,1570800.0,"(9000.0, 11000.0]_(11.45, 17.5]","(101.999, 2788.0]_(11.45, 17.5]",130900.0,852.7131782945736,10023.177839727401,11.249489372314281,132000,11338360.0,9969.24,10.661394122664186,9779.0,11624.183707243934,0.012169902139139996,142.8,-0.09999999999999964,0.9153846153846155,12266.044,0.01153369000542762,14529.9,0.009738134206219313,11721.865923271194,75.14016617481535,1006869.2099225846,-53.9378397274005,0.9467532762198568,1192699.857692844,-244.1778397274005,0.7993634699448441,12369.119999999999,0.011630611770179112,0.009819967266775777,-190.24,9112.063525452251,1887.9364745477487,17.910961821623893,-6.0109618216238925,-0.33560240267872504,141.4354175932889,0.16930531736674126,0.0,-678.1107488430796,-0.39681804449058916,-1408.4944783340343,-0.5356521909208999,11267.917586460633,-267.9175864606332,-0.023777027512391382,15.966685062545988,-4.066685062545988,-0.2546981447066589,304.7574400318599,0.45346442218049043,-12.211920529801326,-5419.736232523915,-0.8402045419695269,-12284.448580906745,-0.9095920440787001,9131.360533664289,1868.6394663357114,17.980154359292584,-6.0801543592925835,-0.33815918583314114,837.4353596003907,139.38680067220878,0.1664448474431766,12.0,0.0,0.0,1701.6239516754576,-670.8639516754577,-0.39424924115278803,2623.479793670493,-1402.479793670493,-0.5345876103388214,5,60,0.0,0.0,0.0,0.0,0.0,0.0,0.0,0.0,0.0,0,0
18743,10.0,311685,60,11.5,1162428656,1162426416,464141760,26.0,10.0,42545.0,A5,468.4425370847416,2240,698286896,200611,11,2,3,200611,11,2,3,198409,9,16,6,0.33862736681451805,45.372965416116564,0.6763803437147263,0.38461538461538464,0.9555889394864091,43.35993948568323,90.62877059289575,0.0323943661971831,14697000.0,"(11000.0, 33050.0]_(11.45, 17.5]","(16400.0, 6780700.0]_(11.45, 17.5]",244950.0,1704.0,20831.557462915258,45.372965416116564,1278000,906208500.0,-21245.0,0.500634607248625,-41600.0,5387.089176474528,0.024497140952363404,690.0,-48.5,0.1885245901639344,489267.5,0.00027029567996991494,723350.0,0.00018282698208295576,28106.552225084495,7.679385853848223,19929887.74027033,-42076.55746291526,0.011010260355491507,29465035.582630247,-62431.55746291526,0.007447298724737947,2552700.0,0.0014102383302778169,0.0009538799065197691,-20355.0,13772.304603027495,7527.6953969725055,12.28024405313562,-0.7802440531356201,-0.06353652661621115,46.74213704116079,0.11084205050867915,19.240037071362373,28678.300278035218,2.0681417246389877,30072.713178294573,0.9160889031624286,12135.82902683519,9164.17097316481,0.755133493797635,15.252801818068614,-3.7528018180686136,-0.24604016119995797,-182.23168066450762,-0.2800659311427249,33.10030508685636,33812.629168793974,3.8721018406548957,44488.084559740586,2.416265961251545,13298.532863849765,8001.467136150235,12.68855633802817,-1.1885563380281692,-0.09367151836383568,407.07614330225897,61.366393782482646,0.15074917749949635,41.070422535211264,18.929577464788736,0.4609053497942388,12937.718896713615,29607.281103286383,2.2884467764102605,28714.537963507944,34185.462036492056,1.1905280203337023,6,31,0.0,0.0,0.0,0.0,0.0,0.0,0.0,0.0,0.0,1,0
35313,0.0,602303,12,30.15,1132790400,1114992000,1043366400,2.0,2.0,1680.56,A4,975.6092504852753,17798400,89424000,200511,11,24,3,200505,5,2,0,200301,1,24,4,5.344735435595938,10.239509809098182,0.898214858364511,1.0,0.018942105789421064,0.193977273823556,1.720811060477804,0.03618,3618000.0,"(9000.0, 11000.0]_(17.5, 31.3]","(101.999, 2788.0]_(17.5, 31.3]",301500.0,321.02728731942216,9024.390749514725,10.239509809098182,120000,16805600.0,8319.44,5.946858869145317,8130.0,29414.61890213105,0.03087212207443102,361.79999999999995,18.15,2.319230769230769,50668.884,0.01792977949047313,56380.5,0.01611437733832175,11707.311005823303,75.04686542194426,1639569.8819955343,-704.9507495147246,0.5801810524068576,1824389.2984074648,-894.3907495147247,0.5214373332363844,20166.72,0.0071362306429743816,0.006413682522715126,-189.44000000000005,9112.063525452251,887.9364745477487,17.910961821623893,12.239038178376106,0.6833266856501209,140.2225078059647,0.16785340327072143,0.0,-28.310748843079637,-0.016566933960480194,-759.4944783340343,-0.2888366887977747,11629.972183588317,-1629.9721835883174,-0.14015271557471645,15.004061196105702,15.145938803894296,1.0094559470222249,368.1382173193141,0.6060177312499749,-15.888734353268429,-6234.036954102921,-0.787663224072478,-14545.314349525404,-0.8860819866020985,9131.360533664289,868.6394663357114,17.980154359292584,12.169845640707415,0.676848785473176,837.4353596003907,138.1738908848846,0.1649964851625309,12.0,0.0,0.0,1701.6239516754576,-21.0639516754577,-0.012378734828407683,2623.479793670493,-753.4797936704931,-0.2872062500684652,5,60,0.0,0.0,0.0,0.0,0.0,0.0,0.0,0.0,0.0,0,1
48509,7.0,602907,12,5.949999999999999,1162425600,1128124800,1092096000,11.0,5.0,3141.4,A3,774.3910481498688,34300800,70329600,200611,11,2,3,200510,10,1,5,200408,8,10,1,2.0828511918537376,11.60704656247265,0.7270076371210368,0.45454545454545453,0.13094100655482724,1.5200072309478072,4.051375119039065,0.007933333333333332,642599.9999999999,"(999.999, 9000.0]_(5.249, 11.45]","(2788.0, 16400.0]_(5.249, 11.45]",53549.99999999999,1294.9640287769785,8225.608951850132,11.60704656247265,108000,28272600.0,5858.6,2.864052953156823,4680.0,4607.6267364917185,0.007673547449634696,71.39999999999999,-6.050000000000001,0.4576923076923076,18691.329999999998,0.001893457230142566,25703.999999999996,0.0013769960657255263,9292.692577798425,59.568542165374524,2432672.0386579977,-2367.0089518501313,0.24643299648353767,3345369.328007433,-3545.6089518501312,0.17921570195553546,37696.8,0.0038187372708757637,0.00277713492247165,-1178.6,9112.063525452251,-112.06352545225127,17.910961821623893,-11.960961821623894,-0.6678012013393626,-60.995694529441835,-0.0730149180172673,0.0,1432.5292511569205,0.8382899947972984,1690.5055216659657,0.6429013392479216,11165.83147735709,-2165.831477357089,-0.19396956525352588,16.081106161841127,-10.131106161841128,-0.6300005770673438,95.27006252000444,0.14028437426601437,-11.679287305122493,-3465.207182628062,-0.5245063141849501,-8723.907297096053,-0.668810893729538,9131.360533664289,-131.3605336642886,17.980154359292584,-12.030154359292585,-0.6690795929165706,837.4353596003907,-63.044311450521946,-0.07528260029598652,12.0,0.0,0.0,1701.6239516754576,1439.7760483245424,0.8461188189710812,2623.479793670493,1696.520206329507,0.6466679142803371,4,60,0.0,0.0,0.0,0.0,0.0,0.0,0.0,0.0,0.0,0,0
39621,7.0,602504,12,12.2,1176681600,1114387200,1095552000,5.0,4.0,2910.0,A3,800.4813983901726,62294400,81129600,200704,4,16,0,200504,4,25,0,200409,9,19,6,2.142347060223756,11.229206339756711,0.6926922161390145,0.8,0.14331740917675814,1.6095195753651286,3.6307767165213365,0.016266666666666665,1317600.0,"(999.999, 9000.0]_(11.45, 17.5]","(2788.0, 16400.0]_(11.45, 17.5]",109800.0,681.8181818181819,8199.518601609827,11.229206339756711,108000,26190000.0,6090.0,3.091721058055651,4800.0,9765.873060360105,0.015221813038336874,146.39999999999998,0.1999999999999993,0.9384615384615385,35502.0,0.004190999656475437,51240.0,0.002904070459414425,9605.77678068207,61.575492183859424,2329400.869315402,-2109.5186016098273,0.27498502177608125,3362021.8732387247,-3399.5186016098273,0.19054544117833197,34920.0,0.004122294744074201,0.0028564627469650082,-1290.0,9112.063525452251,-112.06352545225127,17.910961821623893,-5.7109618216238935,-0.3188528834185249,-34.90534428913804,-0.041783454902800096,0.0,1201.1292511569204,0.7028789345069517,1570.5055216659657,0.5972651909354794,11165.83147735709,-2165.831477357089,-0.19396956525352588,16.081106161841127,-3.881106161841128,-0.24134572104564603,121.36041276030824,0.17870219788267933,-11.679287305122493,-3696.607182628062,-0.559531856585664,-8843.907297096053,-0.6780105911259396,9131.360533664289,-131.3605336642886,17.980154359292584,-5.780154359292585,-0.3214741232911195,837.4353596003907,-36.953961210218154,-0.0441275386650164,12.0,0.0,0.0,1701.6239516754576,1208.3760483245424,0.7101310763372529,2623.479793670493,1576.520206329507,0.6009271388836611,4,60,75355.27196526917,430.6015540872524,303.3565173892187,175.0,40.57831375333824,1823.982025999398,98.0,0.56,0.46234797177165315,0,1
29800,,201324,36,11.35,1196640635,1264034352,456194568,32.0,9.0,6521.0,A4,700.8703887307751,-67393717,740446067,200712,12,3,0,201001,1,21,3,198406,6,16,5,0.8319987500488262,30.34748344137695,0.25471661263231904,0.28125,0.8956856485611004,27.183081529485015,9.290889179399958,0.019183098591549295,8703180.0,"(11000.0, 33050.0]_(5.249, 11.45]","(16400.0, 6780700.0]_(5.249, 11.45]",241755.0,1724.6963562753037,20599.129611269225,30.34748344137695,766800,138897300.0,14779.0,3.265869365225391,-4300.0,7954.8789120942965,0.016171076857259548,408.59999999999997,-24.65,0.30675675675675673,74013.34999999999,0.0017402637227844219,290560.0,0.0004433420569509003,25231.3339943079,18.942442938669597,4570375.804913384,-5820.129611269225,0.10746249443894129,17942281.95150784,-24899.129611269225,0.02737668015822722,234756.0,0.005519779208831647,0.0014061950705050584,-19079.0,13772.304603027495,7527.6953969725055,12.28024405313562,-0.9302440531356204,-0.07575126757339104,279.16998868719423,0.6620102533892386,-4.759962928637627,-7345.699721964782,-0.5297366979346376,-7227.286821705427,-0.22016095515169837,,,,,,,,,,,,,,13588.0,7712.0,12.654,-1.3040000000000003,-0.10305041883989255,412.3371250824233,288.53326364835175,0.6997508739739987,41.49818181818182,-5.49818181818182,-0.1324921135646688,13372.203636363636,-6851.203636363636,-0.5123466425333854,28122.445255474453,-2522.445255474453,-0.08969508990273246,5,20,68636.9,771.2011235955056,1359.4229409957527,89.0,4.98,6154.96,83.0,0.9325842696629213,0.0,1,0
49524,3.0,331712,36,13.8,1101947146,1156381185,611280679,27.0,13.0,7280.0,A5,523.1367810021763,-54434039,490666467,200412,12,2,3,200608,8,24,3,198905,5,16,1,1.003202405071564,29.286248468672653,0.47578589634664403,0.48148148148148145,0.5224415347534362,15.30134936278532,13.889504159735303,0.03236482084690554,7625880.0,"(11000.0, 33050.0]_(11.45, 17.5]","(2788.0, 16400.0]_(11.45, 17.5]",211830.0,1037.162162162162,14826.863218997823,29.286248468672653,552600,111748000.0,8070.0,2.108226891910452,50.0,7219.287577830034,0.026329005137959778,496.8,-22.2,0.372972972972973,100464.0,0.0018953440461475072,211140.0,0.0009019018364812758,18832.92411607835,14.13883191897774,3808435.765695844,-6756.863218997823,0.0718495784922643,8003992.749333298,-14776.863218997823,0.034189711849041,262080.0,0.004944375772558714,0.0023527873995163717,-8020.0,13772.304603027495,1577.6953969725055,12.28024405313562,1.5197559468643806,0.12375616806054668,101.43638095859552,0.24054134392121168,-4.759962928637627,-6586.699721964782,-0.4750012514896737,-17527.286821705427,-0.5339243208523822,11631.587651598677,3718.4123484013235,0.3196822703640337,14.969253031973539,-1.169253031973538,-0.07811031248360054,-88.2338066146416,-0.1443213141125836,8.315325248070561,-512.282477949283,-0.06574228788534651,-1066.6169800884963,-0.06517027809633076,13256.486042692939,2093.513957307061,12.511822660098522,1.2881773399014786,0.10295680932320177,404.40162964157906,118.73515136059729,0.29360700515928234,41.2807881773399,-5.2807881773399,-0.12792362768496418,12825.614121510673,-5545.614121510673,-0.43238585450733014,29886.423841059604,-14586.423841059604,-0.48806186777756855,6,33,100227.03,1152.0348275862068,2763.1358478542734,87.0,0.33,12087.83,81.0,0.9310344827586207,0.0,1,0
